municipio,regiao_integracao,codigo_escola,nome_escola,etapa_ensino,meta_pactuada,decimo_crescimento,ponto_crescimento,ponto_regiao_integracao,ponto_fluxo,ponto_alfabetizacao,bonus_prof_1_e_2_ano,bonus_prof_3_a_5_ano,indice_bonus
Alenquer,Baixo Amazonas,15005143,ESCOLA ESTADUAL DR JOSE JORGE HAGE,ENSINO FUNDAMENTAL ANOS INICIAIS,1.0,3.0,0.6,1.0,0.5,0.0,0.0,3.1,
Ananindeua,Guajará,15033830,ESCOLA ESTADUAL PRINCESA ISABEL - CENTRO,ENSINO FUNDAMENTAL ANOS INICIAIS,1.0,1.0,0.2,0.0,0.5,0.0,0.0,1.75,
Ananindeua,Guajará,15033945,ESCOLA ESTADUAL CINDERELA,ENSINO FUNDAMENTAL ANOS INICIAIS,1.0,1.0,0.2,0.0,0.5,0.0,0.0,1.75,
Ananindeua,Guajará,15033970,ESCOLA ESTADUAL C MAES NOSSA SENHORA APAR PARQUE S FRANCISCO,ENSINO FUNDAMENTAL ANOS INICIAIS,0.0,4.0,1.0,0.0,0.5,0.0,0.0,1.5,
Ananindeua,Guajará,15034321,ESCOLA ESTADUAL CANDIDO HORACIO EVELIN,ENSINO FUNDAMENTAL ANOS INICIAIS,1.0,2.0,0.4,0.0,0.5,1.0,1.0,1.9,
Ananindeua,Guajará,15034330,ESCOLA ESTADUAL CELINA DEL TETTO,ENSINO FUNDAMENTAL ANOS INICIAIS,0.0,1.0,0.2,0.0,0.5,1.0,1.0,0.7,
Ananindeua,Guajará,15034348,ESCOLA ESTADUAL ANTONIO BEZERRA FALCAO,ENSINO FUNDAMENTAL ANOS INICIAIS,0.0,4.0,0.8,0.0,0.5,0.0,0.0,1.3,
Ananindeua,Guajará,15034380,ESCOLA ESTADUAL PROF GELMIREZ MELO E SILVA,ENSINO FUNDAMENTAL ANOS INICIAIS,0.0,0.0,0.0,0.0,0.5,0.0,0.0,0.5,
Ananindeua,Guajará,15034437,ESCOLA ESTADUAL ARIRI,ENSINO FUNDAMENTAL ANOS INICIAIS,1.0,3.0,0.8,0.0,0.5,0.0,0.0,2.25,
Ananindeua,Guajará,15034470,ESCOLA ESTADUAL PROF JOSE ASSIS RIBEIRO,ENSINO FUNDAMENTAL ANOS INICIAIS,1.0,4.0,1.0,0.0,0.5,1.0,1.0,2.5,
Ananindeua,Guajará,15034542,ESCOLA ESTADUAL BOM JARDIM,ENSINO FUNDAMENTAL ANOS INICIAIS,0.0,0.0,0.0,0.0,0.5,0.0,0.0,0.5,
Ananindeua,Guajará,15034550,ESCOLA ESTADUAL DEP ARMANDO CORREA,ENSINO FUNDAMENTAL ANOS INICIAIS,1.0,4.0,1.0,0.0,0.5,0.0,0.0,2.5,
Ananindeua,Guajará,15034585,ESCOLA ESTADUAL DR GASPAR VIANNA,ENSINO FUNDAMENTAL ANOS INICIAIS,0.0,0.0,0.0,0.0,0.5,0.0,0.0,0.5,
Ananindeua,Guajará,15034666,ESCOLA ESTADUAL MAGUARI,ENSINO FUNDAMENTAL ANOS INICIAIS,0.0,0.0,0.0,0.0,0.5,1.0,1.0,0.5,
Ananindeua,Guajará,15034771,ESCOLA ESTADUAL PRINCESA ISABEL - ATALAIA,ENSINO FUNDAMENTAL ANOS INICIAIS,0.0,0.0,0.0,0.0,0.5,,,0.5,
Ananindeua,Guajará,15034810,ESCOLA ESTADUAL GREGORIO DE ALMEIDA BRITO,ENSINO FUNDAMENTAL ANOS INICIAIS,0.0,3.0,0.6,0.0,0.5,0.0,0.0,1.1,
Ananindeua,Guajará,15034828,ESCOLA ESTADUAL COMANDANTE LAURINDO CANDIDO AZEITONA,ENSINO FUNDAMENTAL ANOS INICIAIS,0.0,3.0,0.6,0.0,0.5,0.0,0.0,1.1,
Ananindeua,Guajará,15034887,ESCOLA ESTADUAL RUI BARATA,ENSINO FUNDAMENTAL ANOS INICIAIS,1.0,4.0,1.0,0.0,0.5,1.0,1.0,2.5,
Ananindeua,Guajará,15035425,ESCOLA ESTADUAL ELAINE ISMAELINO DE FREITAS,ENSINO FUNDAMENTAL ANOS INICIAIS,0.0,1.0,0.2,0.0,0.5,0.0,0.0,0.7,
Ananindeua,Guajará,15035530,ESCOLA ESTADUAL ANTONIO SAMPAIO,ENSINO FUNDAMENTAL ANOS INICIAIS,0.0,2.0,0.2,0.0,0.5,0.0,0.0,0.7,
Ananindeua,Guajará,15035590,ESCOLA ESTADUAL JOAO XXIII,ENSINO FUNDAMENTAL ANOS INICIAIS,0.0,0.0,0.0,0.0,0.5,0.0,0.0,0.5,
Ananindeua,Guajará,15035620,ESCOLA ESTADUAL CARLOS DRUMMOND DE ANDRADE,ENSINO FUNDAMENTAL ANOS INICIAIS,0.0,0.0,0.0,0.0,0.5,0.0,0.0,0.5,
Ananindeua,Guajará,15035646,ESCOLA ESTADUAL CRISTO REDENTOR,ENSINO FUNDAMENTAL ANOS INICIAIS,0.0,2.0,0.2,0.0,0.5,,,0.7,
Ananindeua,Guajará,15143970,ESCOLA ESTADUAL NOVAS AGUAS LINDAS,ENSINO FUNDAMENTAL ANOS INICIAIS,0.0,0.0,0.0,0.0,0.5,0.0,0.0,0.5,
Ananindeua,Guajará,15144720,ESCOLA ESTADUAL JARDIM JADER BARBALHO,ENSINO FUNDAMENTAL ANOS INICIAIS,1.0,5.0,1.0,0.0,0.0,1.0,1.0,2.0,
Ananindeua,Guajará,15515613,ESCOLA ESTADUAL CENTRO EDUCACIONAL AMAZONIA,ENSINO FUNDAMENTAL ANOS INICIAIS,1.0,4.0,1.0,0.0,0.5,1.0,1.0,2.5,
Ananindeua,Guajará,15516830,ESCOLA ESTADUAL ANANI,ENSINO FUNDAMENTAL ANOS INICIAIS,1.0,1.0,0.2,0.0,0.5,0.0,0.0,1.7,
Ananindeua,Guajará,15516954,ESCOLA ESTADUAL NAIR RODRIGUES DE CALDAS BRITO ZALUTH,ENSINO FUNDAMENTAL ANOS INICIAIS,1.0,5.0,1.0,0.0,0.5,0.0,0.0,2.5,
Ananindeua,Guajará,15517039,ESCOLA ESTADUAL ESPIRITO SANTO,ENSINO FUNDAMENTAL ANOS INICIAIS,1.0,3.0,0.6,0.0,0.5,0.0,0.0,2.1,
Ananindeua,Guajará,15521150,ESCOLA ESTADUAL PADRE PIETRO GEROSA,ENSINO FUNDAMENTAL ANOS INICIAIS,1.0,4.0,0.8,0.0,0.5,0.0,0.0,2.3,
Ananindeua,Guajará,15535134,ESCOLA ESTADUAL SAO VICENTE,ENSINO FUNDAMENTAL ANOS INICIAIS,1.0,1.0,0.2,0.0,0.5,0.0,0.0,1.75,
Ananindeua,Guajará,15539865,ESCOLA ESTADUAL MORADORES CRISTO REI,ENSINO FUNDAMENTAL ANOS INICIAIS,0.0,2.0,0.5,0.0,0.5,0.0,0.0,1.0,
Ananindeua,Guajará,15544850,ESCOLA ESTADUAL CONEGO BATISTA CAMPOS,ENSINO FUNDAMENTAL ANOS INICIAIS,1.0,5.0,1.0,0.0,0.5,0.0,0.0,2.5,
Ananindeua,Guajará,15571955,ESCOLA ESTADUAL BENEDITO CELSO PADUA COSTA,ENSINO FUNDAMENTAL ANOS INICIAIS,1.0,3.0,0.6,0.0,0.5,0.0,0.0,2.1,
Belém,Guajará,15034682,ESCOLA ESTADUAL PEDRO CARNEIRO,ENSINO FUNDAMENTAL ANOS INICIAIS,0.0,0.0,0.0,0.0,0.5,1.0,1.0,0.5,
Belém,Guajará,15035042,ESCOLA ESTADUAL ELCIONE BARBALHO,ENSINO FUNDAMENTAL ANOS INICIAIS,1.0,4.0,1.0,0.0,0.5,,,2.5,
Belém,Guajará,15035220,ESCOLA ESTADUAL PE ORIONE,ENSINO FUNDAMENTAL ANOS INICIAIS,0.0,1.0,0.1,0.0,0.5,,,0.6,
Belém,Guajará,15035239,ESCOLA ESTADUAL PEDRO MARQUES DE MESQUITA,ENSINO FUNDAMENTAL ANOS INICIAIS,1.0,4.0,1.0,1.0,0.5,1.0,1.0,3.5,
Belém,Guajará,15037126,ESCOLA ESTADUAL MORADORES VILA NOVA P MOURA CARVALHO,ENSINO FUNDAMENTAL ANOS INICIAIS,0.0,1.0,0.2,0.0,0.5,0.0,0.0,0.7,
Belém,Guajará,15037223,ESCOLA ESTADUAL CASA DA CRIANCA SANTA INES,ENSINO FUNDAMENTAL ANOS INICIAIS,1.0,2.0,0.5,0.0,0.5,1.0,1.0,2.0,
Belém,Guajará,15037991,ESCOLA ESTADUAL CONEGO BATISTA CAMPOS,ENSINO FUNDAMENTAL ANOS INICIAIS,1.0,3.0,0.6,0.0,0.5,,,2.1,
Belém,Guajará,15038696,ESCOLA ESTADUAL MARLUCE PACHECO FERREIRA,ENSINO FUNDAMENTAL ANOS INICIAIS,1.0,5.0,1.0,0.0,0.5,0.0,0.0,2.5,
Belém,Guajará,15038874,ESCOLA ESTADUAL PROF VIRGILIO LIBONATI,ENSINO FUNDAMENTAL ANOS INICIAIS,0.0,0.0,0.0,0.0,0.5,1.0,1.0,0.5,
Belém,Guajará,15039170,ESCOLA ESTADUAL BENTO XV,ENSINO FUNDAMENTAL ANOS INICIAIS,0.0,0.0,0.0,0.0,0.5,0.0,0.0,0.5,
Belém,Guajará,15039226,ESCOLA ESTADUAL MARIA LUIZA VELLA ALVES,ENSINO FUNDAMENTAL ANOS INICIAIS,1.0,1.0,0.2,0.0,0.5,0.0,0.0,1.7,
Belém,Guajará,15039242,ESCOLA ESTADUAL PROFA EMILIANA SARMENTO FERREIRA,ENSINO FUNDAMENTAL ANOS INICIAIS,0.0,4.0,1.0,0.0,0.5,0.0,0.0,1.5,
Belém,Guajará,15039285,ESCOLA ESTADUAL VIRGINIA ALVES DA CUNHA,ENSINO FUNDAMENTAL ANOS INICIAIS,1.0,3.0,0.8,0.0,0.5,0.0,0.0,2.25,
Belém,Guajará,15039498,ESCOLA ESTADUAL PROF WALDEMAR RIBEIRO,ENSINO FUNDAMENTAL ANOS INICIAIS,0.0,1.0,0.2,0.0,0.5,0.0,0.0,0.75,
Belém,Guajará,15039501,ESCOLA ESTADUAL VERA SIMPLICIO,ENSINO FUNDAMENTAL ANOS INICIAIS,0.0,3.0,0.8,0.0,0.5,2.0,2.0,1.25,
Belém,Guajará,15039536,ESCOLA ESTADUAL ALMIRANTE TAMANDARE,ENSINO FUNDAMENTAL ANOS INICIAIS,1.0,4.0,1.0,0.0,0.5,1.0,1.0,2.5,
Belém,Guajará,15039544,ESCOLA ESTADUAL DONA ALZIRA TEIXEIRA DE SOUZA,ENSINO FUNDAMENTAL ANOS INICIAIS,1.0,4.0,1.0,0.0,0.5,1.0,1.0,2.5,
Belém,Guajará,15039595,ESCOLA ESTADUAL BARAO DO RIO BRANCO,ENSINO FUNDAMENTAL ANOS INICIAIS,0.0,0.0,0.0,0.0,0.0,0.0,0.0,0.0,
Belém,Guajará,15039633,ESCOLA ESTADUAL ACACIO FELICIO SOBRAL,ENSINO FUNDAMENTAL ANOS INICIAIS,0.0,2.0,0.2,0.0,0.5,0.0,0.0,0.7,
Belém,Guajará,15039668,ESCOLA ESTADUAL ARTHUR PORTO,ENSINO FUNDAMENTAL ANOS INICIAIS,0.0,2.0,0.2,0.0,0.5,0.0,0.0,0.7,
Belém,Guajará,15039692,ESCOLA ESTADUAL AMAZONAS DE FIGUEIREDO,ENSINO FUNDAMENTAL ANOS INICIAIS,0.0,0.0,0.0,0.0,0.5,1.0,1.0,0.5,
Belém,Guajará,15039706,ESCOLA ESTADUAL AUGUSTO OLIMPIO,ENSINO FUNDAMENTAL ANOS INICIAIS,0.0,2.0,0.4,0.0,0.5,1.0,1.0,0.9,
Belém,Guajará,15039722,ESCOLA ESTADUAL DOMINGOS ACATAUASSU NUNES,ENSINO FUNDAMENTAL ANOS INICIAIS,1.0,1.0,0.2,0.0,0.5,0.0,0.0,1.75,
Belém,Guajará,15039749,ESCOLA ESTADUAL PROF JOAO RENATO FRANCO,ENSINO FUNDAMENTAL ANOS INICIAIS,1.0,4.0,1.0,0.0,0.5,0.0,0.0,2.5,
Belém,Guajará,15039773,ESCOLA ESTADUAL SANTOS DUMONT,ENSINO FUNDAMENTAL ANOS INICIAIS,0.0,0.0,0.0,0.0,0.5,0.0,0.0,0.5,
Belém,Guajará,15039790,ESCOLA ESTADUAL STELIO MAROJA,ENSINO FUNDAMENTAL ANOS INICIAIS,1.0,5.0,1.0,0.0,0.5,1.0,1.0,2.5,
Belém,Guajará,15039811,ESCOLA ESTADUAL PROFA ANTONIA PAES DA SILVA,ENSINO FUNDAMENTAL ANOS INICIAIS,0.0,6.0,0.6,0.0,0.5,0.0,0.0,1.1,
Belém,Guajará,15039870,ESCOLA ESTADUAL CABANAGEM,ENSINO FUNDAMENTAL ANOS INICIAIS,0.0,0.0,0.0,0.0,0.5,1.0,1.0,0.5,
Belém,Guajará,15039900,ESCOLA ESTADUAL DR CARLOS GUIMARAES,ENSINO FUNDAMENTAL ANOS INICIAIS,0.0,4.0,1.0,0.0,0.5,1.0,1.0,1.5,
Belém,Guajará,15039960,ESCOLA ESTADUAL GENERAL GURJAO,ENSINO FUNDAMENTAL ANOS INICIAIS,0.0,1.0,0.2,0.0,0.5,0.0,0.0,0.7,
Belém,Guajará,15040011,ESCOLA ESTADUAL JARBAS PASSARINHO,ENSINO FUNDAMENTAL ANOS INICIAIS,0.0,0.0,0.0,0.0,0.5,,,0.5,
Belém,Guajará,15040070,ESCOLA ESTADUAL MATEUS DO CARMO,ENSINO FUNDAMENTAL ANOS INICIAIS,0.0,0.0,0.0,0.0,0.5,0.0,0.0,0.5,
Belém,Guajará,15040151,ESCOLA ESTADUAL PROFA NORMA MORHY,ENSINO FUNDAMENTAL ANOS INICIAIS,0.0,2.0,0.4,0.0,0.5,0.0,0.0,0.9,
Belém,Guajará,15040178,ESCOLA ESTADUAL PROFA LEONOR NOGUEIRA,ENSINO FUNDAMENTAL ANOS INICIAIS,0.0,3.0,0.6,0.0,0.5,0.0,0.0,1.1,
Belém,Guajará,15040208,ESCOLA ESTADUAL RUTH PASSARINHO,ENSINO FUNDAMENTAL ANOS INICIAIS,1.0,5.0,1.0,0.0,0.5,1.0,1.0,2.5,
Belém,Guajará,15040402,ESCOLA ESTADUAL JOSE ALVES MAIA,ENSINO FUNDAMENTAL ANOS INICIAIS,0.0,0.0,0.0,0.0,0.5,0.0,0.0,0.5,
Belém,Guajará,15040437,ESCOLA ESTADUAL MANOEL DE JESUS MORAES,ENSINO FUNDAMENTAL ANOS INICIAIS,0.0,0.0,0.0,0.0,0.5,0.0,0.0,0.5,
Belém,Guajará,15040445,ESCOLA ESTADUAL MARIO CARNEIRO DE MIRANDA,ENSINO FUNDAMENTAL ANOS INICIAIS,0.0,0.0,0.0,0.0,0.5,0.0,0.0,0.5,
Belém,Guajará,15040470,ESCOLA ESTADUAL PROF ACY DE JESUS BARROS PEREIRA,ENSINO FUNDAMENTAL ANOS INICIAIS,0.0,0.0,0.0,0.0,0.5,0.0,0.0,0.5,
Belém,Guajará,15040488,ESCOLA ESTADUAL PROFA CELINA ANGLADA,ENSINO FUNDAMENTAL ANOS INICIAIS,1.0,3.0,0.6,0.0,0.5,0.0,0.0,2.1,
Belém,Guajará,15040496,ESCOLA ESTADUAL PROFA DONATILA SANTANA LOPES,ENSINO FUNDAMENTAL ANOS INICIAIS,1.0,1.0,0.2,0.0,0.5,0.0,0.0,1.75,
Belém,Guajará,15040500,ESCOLA ESTADUAL PROFA ESTHER BANDEIRA GOMES,ENSINO FUNDAMENTAL ANOS INICIAIS,0.0,0.0,0.0,0.0,0.5,0.0,0.0,0.5,
Belém,Guajará,15040518,ESCOLA ESTADUAL PROFA ROSALINA ALVARES SILVA CRUZ,ENSINO FUNDAMENTAL ANOS INICIAIS,0.0,4.0,0.8,0.0,0.5,0.0,0.0,1.3,
Belém,Guajará,15040534,ESCOLA ESTADUAL RODRIGUES PINAGE,ENSINO FUNDAMENTAL ANOS INICIAIS,0.0,3.0,0.3,0.0,0.5,0.0,0.0,0.8,
Belém,Guajará,15041247,ESCOLA ESTADUAL NOSSA SENHORA DA CONCEICAO APARECIDA,ENSINO FUNDAMENTAL ANOS INICIAIS,1.0,4.0,1.0,0.0,0.5,1.0,1.0,2.5,
Belém,Guajará,15041301,ESCOLA ESTADUAL FONTE VIVA,ENSINO FUNDAMENTAL ANOS INICIAIS,1.0,4.0,1.0,0.0,0.5,0.0,0.0,2.5,
Belém,Guajará,15041310,ESCOLA ESTADUAL HUMBERTO DE CAMPOS,ENSINO FUNDAMENTAL ANOS INICIAIS,0.0,2.0,0.4,0.0,0.5,0.0,0.0,0.9,
Belém,Guajará,15041328,ESCOLA ESTADUAL LAR DE MARIA,ENSINO FUNDAMENTAL ANOS INICIAIS,0.0,0.0,0.0,0.0,0.5,0.0,0.0,0.5,
Belém,Guajará,15041344,ESCOLA ESTADUAL NOSSA SENHORA DAS GRACAS GUAMA,ENSINO FUNDAMENTAL ANOS INICIAIS,0.0,4.0,1.0,0.0,0.5,2.0,2.0,1.5,
Belém,Guajará,15041352,ESCOLA ESTADUAL PAULA FRASSINETTI,ENSINO FUNDAMENTAL ANOS INICIAIS,1.0,4.0,1.0,0.0,0.5,0.0,0.0,2.5,
Belém,Guajará,15041360,ESCOLA ESTADUAL PREVENTORIO SANTA TEREZINHA,ENSINO FUNDAMENTAL ANOS INICIAIS,1.0,4.0,1.0,0.0,0.5,1.0,1.0,2.5,
Belém,Guajará,15041379,ESCOLA ESTADUAL ROSA GATTORNO,ENSINO FUNDAMENTAL ANOS INICIAIS,1.0,4.0,1.0,0.0,0.5,0.0,0.0,2.5,
Belém,Guajará,15041395,ESCOLA ESTADUAL SAO PIO X,ENSINO FUNDAMENTAL ANOS INICIAIS,0.0,3.0,0.6,0.0,0.5,0.0,0.0,1.1,
Belém,Guajará,15041409,ESCOLA ESTADUAL SANTO AFONSO,ENSINO FUNDAMENTAL ANOS INICIAIS,1.0,4.0,0.8,0.0,0.5,0.0,0.0,2.3,
Belém,Guajará,15041417,ESCOLA ESTADUAL SANTO AGOSTINHO,ENSINO FUNDAMENTAL ANOS INICIAIS,1.0,4.0,1.0,0.0,0.5,1.0,1.0,2.5,
Belém,Guajará,15041425,ESCOLA ESTADUAL TIRADENTES I,ENSINO FUNDAMENTAL ANOS INICIAIS,0.0,4.0,0.8,0.0,0.5,0.0,0.0,1.3,
Belém,Guajará,15041760,ESCOLA ESTADUAL SAO VICENTE DE PAULA,ENSINO FUNDAMENTAL ANOS INICIAIS,0.0,0.0,0.0,0.0,0.5,0.0,0.0,0.5,
Belém,Guajará,15042286,ESCOLA ESTADUAL SAO JERONIMO,ENSINO FUNDAMENTAL ANOS INICIAIS,0.0,1.0,0.2,0.0,0.5,0.0,0.0,0.7,
Belém,Guajará,15042294,ESCOLA ESTADUAL PROFA GUAJARINA DE SOUZA DA SILVA,ENSINO FUNDAMENTAL ANOS INICIAIS,1.0,4.0,1.0,0.0,0.5,0.0,0.0,2.5,
Belém,Guajará,15042472,ESCOLA ESTADUAL SANTA RITA DE CASSIA,ENSINO FUNDAMENTAL ANOS INICIAIS,1.0,4.0,1.0,0.0,0.5,0.0,0.0,2.5,
Belém,Guajará,15042480,ESCOLA ESTADUAL ALMIRANTE JOAO FARIA DE LIMA,ENSINO FUNDAMENTAL ANOS INICIAIS,1.0,5.0,0.5,0.0,0.5,,,2.0,
Belém,Guajará,15042510,ESCOLA ESTADUAL NOSSA SENHORA DA CONCEICAO,ENSINO FUNDAMENTAL ANOS INICIAIS,0.0,2.0,0.2,0.0,0.0,0.0,0.0,0.2,
Belém,Guajará,15042600,ESCOLA ESTADUAL SAO FRANCISCO DE ASSIS,ENSINO FUNDAMENTAL ANOS INICIAIS,1.0,4.0,0.8,0.0,0.5,0.0,0.0,2.3,
Belém,Guajará,15042618,ESCOLA ESTADUAL RODOLFO TOURINHO,ENSINO FUNDAMENTAL ANOS INICIAIS,1.0,4.0,1.0,0.0,0.5,0.0,0.0,2.5,
Belém,Guajará,15042669,ESCOLA ESTADUAL VEREADOR MANOEL MATOS COSTA,ENSINO FUNDAMENTAL ANOS INICIAIS,1.0,4.0,1.0,0.0,0.5,0.0,0.0,2.5,
Belém,Guajará,15042677,ESCOLA ESTADUAL BRASILIA,ENSINO FUNDAMENTAL ANOS INICIAIS,0.0,2.0,0.2,0.0,0.5,,,0.7,
Belém,Guajará,15042693,ESCOLA ESTADUAL AMERICO SOUZA DE OLIVEIRA,ENSINO FUNDAMENTAL ANOS INICIAIS,0.0,3.0,0.6,0.0,0.5,0.0,0.0,1.1,
Belém,Guajará,15042790,ESCOLA ESTADUAL PROFA ODETE MARVAO,ENSINO FUNDAMENTAL ANOS INICIAIS,0.0,0.0,0.0,0.0,0.5,0.0,0.0,0.5,
Belém,Guajará,15042839,ESCOLA ESTADUAL XV DE NOVEMBRO,ENSINO FUNDAMENTAL ANOS INICIAIS,0.0,0.0,0.0,0.0,0.5,0.0,0.0,0.5,
Belém,Guajará,15042863,ESCOLA ESTADUAL IZABEL DOS SANTOS DIAS,ENSINO FUNDAMENTAL ANOS INICIAIS,0.0,0.0,0.0,0.0,0.5,0.0,0.0,0.5,
Belém,Guajará,15042880,ESCOLA ESTADUAL PROF PORANGA JUCA,ENSINO FUNDAMENTAL ANOS INICIAIS,0.0,0.0,0.0,0.0,0.5,1.0,1.0,0.5,
Belém,Guajará,15043045,ESCOLA ESTADUAL EUCLIDES DA CUNHA,ENSINO FUNDAMENTAL ANOS INICIAIS,1.0,4.0,1.0,0.0,0.5,0.0,0.0,2.5,
Belém,Guajará,15043096,ESCOLA ESTADUAL PROF MARIDALVA PANTOJA,ENSINO FUNDAMENTAL ANOS INICIAIS,0.0,2.0,0.5,0.0,0.5,1.0,1.0,1.0,
Belém,Guajará,15043142,ESCOLA ESTADUAL SAO JOAO BATISTA,ENSINO FUNDAMENTAL ANOS INICIAIS,1.0,4.0,1.0,0.0,0.5,0.0,0.0,2.5,
Belém,Guajará,15043150,ESCOLA ESTADUAL CRISTA DO BENGUI,ENSINO FUNDAMENTAL ANOS INICIAIS,0.0,3.0,0.6,0.0,0.5,0.0,0.0,1.1,
Belém,Guajará,15043185,ESCOLA ESTADUAL NOSSA SENHORA DE FATIMA II,ENSINO FUNDAMENTAL ANOS INICIAIS,1.0,1.0,0.2,0.0,0.5,0.0,0.0,1.75,
Belém,Guajará,15043193,ESCOLA ESTADUAL PADRE JOSE GRISMONT,ENSINO FUNDAMENTAL ANOS INICIAIS,1.0,3.0,0.8,0.0,0.5,0.0,0.0,2.25,
Belém,Guajará,15043207,ESCOLA ESTADUAL SANTA BARBARA,ENSINO FUNDAMENTAL ANOS INICIAIS,0.0,2.0,0.5,0.0,0.5,0.0,0.0,1.0,
Belém,Guajará,15043312,ESCOLA ESTADUAL INGLES DE SOUZA,ENSINO FUNDAMENTAL ANOS INICIAIS,0.0,0.0,0.0,0.0,0.5,,,0.5,
Belém,Guajará,15043533,ESCOLA ESTADUAL JONATHAS PONTES ATHIAS,ENSINO FUNDAMENTAL ANOS INICIAIS,1.0,7.0,0.7,0.0,0.5,1.0,1.0,2.2,
Belém,Guajará,15043541,ESCOLA ESTADUAL NOSSA SENHORA DE FATIMA I,ENSINO FUNDAMENTAL ANOS INICIAIS,0.0,0.0,0.0,0.0,0.5,1.0,1.0,0.5,
Belém,Guajará,15043550,ESCOLA ESTADUAL ALMIRANTE GUILLOBEL,ENSINO FUNDAMENTAL ANOS INICIAIS,0.0,0.0,0.0,0.0,0.5,0.0,0.0,0.5,
Belém,Guajará,15043576,ESCOLA ESTADUAL PRESIDENTE CASTELO BRANCO,ENSINO FUNDAMENTAL ANOS INICIAIS,1.0,4.0,1.0,0.0,0.5,1.0,1.0,2.5,
Belém,Guajará,15137023,ESCOLA ESTADUAL BENEDITO MONTEIRO,ENSINO FUNDAMENTAL ANOS INICIAIS,1.0,4.0,1.0,0.0,0.5,2.0,2.0,2.5,
Belém,Guajará,15139581,ESCOLA ESTADUAL PROF LENIRA TEIXEIRA MOURA,ENSINO FUNDAMENTAL ANOS INICIAIS,0.0,0.0,0.0,0.0,0.5,1.0,1.0,0.5,
Belém,Guajará,15140628,ESCOLA ESTADUAL WALDOMIRO RODRIGUES OLIVEIRA,ENSINO FUNDAMENTAL ANOS INICIAIS,0.0,0.0,0.0,0.0,0.5,0.0,0.0,0.5,
Belém,Guajará,15140657,ESCOLA ESTADUAL SAO PEDRO,ENSINO FUNDAMENTAL ANOS INICIAIS,0.0,0.0,0.0,0.0,0.5,,,0.5,
Belém,Guajará,15140682,ESCOLA ESTADUAL BENEDITO CHAVES MENDES SEARA,ENSINO FUNDAMENTAL ANOS INICIAIS,1.0,10.0,1.0,0.0,0.5,0.0,0.0,2.5,
Belém,Guajará,15148955,ESCOLA ESTADUAL FE EM DEUS,ENSINO FUNDAMENTAL ANOS INICIAIS,1.0,10.0,1.0,0.0,0.5,,,2.5,
Belém,Guajará,15149218,ESCOLA ESTADUAL BIRA BARBOSA,ENSINO FUNDAMENTAL ANOS INICIAIS,0.0,3.0,0.6,0.0,0.5,0.0,0.0,1.1,
Belém,Guajará,15152448,ESCOLA ESTADUAL RAINHA DOS CORACOES,ENSINO FUNDAMENTAL ANOS INICIAIS,0.0,2.0,0.4,0.0,0.5,0.0,0.0,0.9,
Belém,Guajará,15155390,ESCOLA ESTADUAL PROF BRUNO DE MENEZES,ENSINO FUNDAMENTAL ANOS INICIAIS,1.0,2.0,0.4,0.0,0.5,0.0,0.0,1.9,
Belém,Guajará,15156478,ESCOLA ESTADUAL LINDANOR CELINA COELHO CASSHA,ENSINO FUNDAMENTAL ANOS INICIAIS,0.0,0.0,0.0,0.0,0.5,0.0,0.0,0.5,
Belém,Guajará,15171671,ESCOLA ESTADUAL NUREMBERG BORJA DE BRITO FILHO,ENSINO FUNDAMENTAL ANOS INICIAIS,0.0,0.0,0.0,0.0,0.5,0.0,0.0,0.5,
Belém,Guajará,15516539,ESCOLA ESTADUAL MONTE SERRAT,ENSINO FUNDAMENTAL ANOS INICIAIS,1.0,3.0,0.8,0.0,0.5,0.0,0.0,2.25,
Belém,Guajará,15517683,ESCOLA ESTADUAL ESTRADA NOVA,ENSINO FUNDAMENTAL ANOS INICIAIS,1.0,5.0,0.5,0.0,0.0,,,1.5,
Belém,Guajará,15517691,ESCOLA ESTADUAL PROFA CLAUDINE GABRIELE LIMA E SILVA,ENSINO FUNDAMENTAL ANOS INICIAIS,1.0,4.0,1.0,0.0,0.5,0.0,0.0,2.5,
Belém,Guajará,15521125,ESCOLA ESTADUAL ALEXANDRE NICOMEDES DA CUNHA,ENSINO FUNDAMENTAL ANOS INICIAIS,0.0,4.0,1.0,0.0,0.5,0.0,0.0,1.5,
Belém,Guajará,15522938,ESCOLA ESTADUAL JARDIM RESIDENCIAL JADERLAR,ENSINO FUNDAMENTAL ANOS INICIAIS,0.0,0.0,0.0,0.0,0.5,0.0,0.0,0.5,
Belém,Guajará,15535304,ESCOLA ESTADUAL GENERAL HENRIQUE GURJAO,ENSINO FUNDAMENTAL ANOS INICIAIS,1.0,4.0,1.0,0.0,0.5,1.0,1.0,2.5,
Belém,Guajará,15537617,ESCOLA ESTADUAL MARIA ESTELITA BARBOSA DA SILVA,ENSINO FUNDAMENTAL ANOS INICIAIS,1.0,4.0,1.0,0.0,0.5,0.0,0.0,2.5,
Belém,Guajará,15552594,ESCOLA ESTADUAL RUY PARANATINGA BARATA,ENSINO FUNDAMENTAL ANOS INICIAIS,0.0,4.0,0.4,0.0,0.5,0.0,0.0,0.9,
Belém,Guajará,15572102,ESCOLA ESTADUAL PARACURI II,ENSINO FUNDAMENTAL ANOS INICIAIS,1.0,6.0,0.6,0.0,0.5,0.0,0.0,2.1,
Belém,Guajará,15573206,ESCOLA ESTADUAL SANTA LUZIA DE MARILAC,ENSINO FUNDAMENTAL ANOS INICIAIS,1.0,4.0,0.8,0.0,0.5,0.0,0.0,2.3,
Belém,Guajará,15573605,ESCOLA ESTADUAL CARANANDUBA,ENSINO FUNDAMENTAL ANOS INICIAIS,0.0,2.0,0.5,0.0,0.5,0.0,0.0,1.0,
Belém,Guajará,15573613,ESCOLA ESTADUAL XV DE OUTUBRO - GUAMA,ENSINO FUNDAMENTAL ANOS INICIAIS,1.0,4.0,1.0,0.0,0.5,1.0,1.0,2.5,
Belém,Guajará,15573702,ESCOLA ESTADUAL FRANKLIN DE MENEZES,ENSINO FUNDAMENTAL ANOS INICIAIS,1.0,9.0,0.9,0.0,0.5,0.0,0.0,2.4,
Belém,Guajará,15573710,ESCOLA ESTADUAL CRUZEIRO DO SUL,ENSINO FUNDAMENTAL ANOS INICIAIS,1.0,1.0,0.2,0.0,0.5,0.0,0.0,1.7,
Belém,Guajará,15580768,ESCOLA ESTADUAL PRATINHA II,ENSINO FUNDAMENTAL ANOS INICIAIS,0.0,5.0,1.0,0.0,0.5,1.0,1.0,1.5,
Belém,Guajará,15581918,ESCOLA ESTADUAL DR MARIA ESTER MOUTA DE OLIVEIRA,ENSINO FUNDAMENTAL ANOS INICIAIS,0.0,2.0,0.2,0.0,0.5,0.0,0.0,0.7,
Belém,Guajará,15586979,ESCOLA ESTADUAL CANARINHO,ENSINO FUNDAMENTAL ANOS INICIAIS,0.0,0.0,0.0,0.0,0.5,0.0,0.0,0.5,
Bragança,Rio Caeté,15056643,ESCOLA ESTADUAL CENTRO EDUCACIONAL CORACAO DE JESUS,ENSINO FUNDAMENTAL ANOS INICIAIS,1.0,10.0,1.0,1.0,0.5,,,3.5,
Bragança,Rio Caeté,15056651,ESCOLA ESTADUAL JOAO PAULO II,ENSINO FUNDAMENTAL ANOS INICIAIS,0.0,3.0,0.8,0.0,0.5,,,1.25,
Bragança,Rio Caeté,15057046,ESCOLA ESTADUAL DO ROCHA,ENSINO FUNDAMENTAL ANOS INICIAIS,0.0,3.0,0.3,0.0,0.5,,,0.8,
Bragança,Rio Caeté,15540332,ESCOLA ESTADUAL SANTA TEREZINHA,ENSINO FUNDAMENTAL ANOS INICIAIS,1.0,4.0,1.0,1.0,0.5,,,3.5,
Cachoeira do Arari,Marajó,15028488,ESCOLA ESTADUAL JOSE RODRIGUES VIANA,ENSINO FUNDAMENTAL ANOS INICIAIS,0.0,2.0,0.2,0.0,0.5,0.0,0.0,0.7,
Capanema,Rio Caeté,15059820,ESCOLA ESTADUAL PROF JOSE NAZIAZENO MONTEIRO,ENSINO FUNDAMENTAL ANOS INICIAIS,1.0,1.0,0.2,0.0,0.5,0.0,0.0,1.75,
Capanema,Rio Caeté,15059871,ESCOLA ESTADUAL SILVESTRE CARNEIRO,ENSINO FUNDAMENTAL ANOS INICIAIS,1.0,5.0,1.0,0.0,0.5,0.0,0.0,2.5,
Capitão Poço,Rio Capim,15088375,ESCOLA ESTADUAL OSVALDO CRUZ,ENSINO FUNDAMENTAL ANOS INICIAIS,0.0,0.0,0.0,1.0,0.5,,,1.5,
Capitão Poço,Rio Capim,15088464,ESCOLA ESTADUAL PROF TEREZINHA BEZERRA SIQUEIRA,ENSINO FUNDAMENTAL ANOS INICIAIS,1.0,5.0,0.5,1.0,0.5,,,3.0,
Conceição do Araguaia,Araguaia,15134571,ESCOLA ESTADUAL BRAULIA GURJAO,ENSINO FUNDAMENTAL ANOS INICIAIS,1.0,5.0,0.5,1.0,0.5,0.0,0.0,3.0,
Igarapé-Açu,Guamá,15060608,ESCOLA ESTADUAL JOSE ELIAS EMIN,ENSINO FUNDAMENTAL ANOS INICIAIS,1.0,10.0,1.0,0.0,0.5,1.0,1.0,2.5,
Igarapé-Açu,Guamá,15060667,ESCOLA ESTADUAL DO CURI,ENSINO FUNDAMENTAL ANOS INICIAIS,1.0,10.0,1.0,0.0,0.5,1.0,1.0,2.5,
Igarapé-Açu,Guamá,15060675,ESCOLA ESTADUAL DR ANGELO CESARINO,ENSINO FUNDAMENTAL ANOS INICIAIS,1.0,4.0,0.8,1.0,0.5,,,3.3,
Igarapé-Açu,Guamá,15060683,ESCOLA ESTADUAL JOAO PAULO II,ENSINO FUNDAMENTAL ANOS INICIAIS,1.0,2.0,0.4,0.0,0.5,0.0,0.0,1.9,
Igarapé-Açu,Guamá,15060705,ESCOLA ESTADUAL MACARIO FELIPE ANTONIO,ENSINO FUNDAMENTAL ANOS INICIAIS,1.0,1.0,0.2,0.0,0.5,0.0,0.0,1.7,
Igarapé-Açu,Guamá,15061159,ESCOLA ESTADUAL JOAO BATISTA DE MOURA CARVALHO,ENSINO FUNDAMENTAL ANOS INICIAIS,0.0,0.0,0.0,0.0,0.5,,,0.5,
Juruti,Baixo Amazonas,15000290,ESCOLA ESTADUAL NOSSA SENHORA DA SAUDE,ENSINO FUNDAMENTAL ANOS INICIAIS,0.0,1.0,0.2,0.0,0.5,3.0,3.0,0.7,
Ourém,Rio Capim,15093654,ESCOLA ESTADUAL PADRE ANTONIO VIEIRA,ENSINO FUNDAMENTAL ANOS INICIAIS,1.0,5.0,0.5,0.0,0.5,0.0,0.0,2.0,
Ponta de Pedras,Marajó,15031764,ESCOLA ESTADUAL AURELIANA MONTEIRO,ENSINO FUNDAMENTAL ANOS INICIAIS,0.0,2.0,0.4,1.0,0.5,0.0,0.0,1.9,
Santa Maria do Pará,Guamá,15062805,ESCOLA ESTADUAL JOAO BOTELHO DE SOUZA,ENSINO FUNDAMENTAL ANOS INICIAIS,1.0,10.0,1.0,0.0,0.5,,,2.5,
Abaetetuba,Tocantins,15064280,ESCOLA ESTADUAL SAO FRANCISCO XAVIER,ENSINO FUNDAMENTAL ANOS FINAIS,0.0,1.0,0.2,1.0,0.5,,,,1.8
Abaetetuba,Tocantins,15064360,ESCOLA ESTADUAL PROF BERNARDINO PEREIRA DE BARROS,ENSINO FUNDAMENTAL ANOS FINAIS,1.0,4.0,1.0,0.0,0.5,,,,2.5
Abaetetuba,Tocantins,15064450,ESCOLA ESTADUAL PROF BASILIO DE CARVALHO,ENSINO FUNDAMENTAL ANOS FINAIS,1.0,5.0,1.0,0.0,0.5,,,,2.5
Abaetetuba,Tocantins,15064557,ESCOLA ESTADUAL PROF LAURA DOS SANTOS RIBEIRO,ENSINO FUNDAMENTAL ANOS FINAIS,1.0,10.0,1.0,0.0,0.5,,,,2.5
Abaetetuba,Tocantins,15064646,ESCOLA ESTADUAL PEDRO TEIXEIRA,ENSINO FUNDAMENTAL ANOS FINAIS,0.0,0.0,0.0,0.0,0.0,,,,0.0
Abaetetuba,Tocantins,15064654,ESCOLA ESTADUAL PROF LEONARDO NEGRAO DE SOUSA,ENSINO FUNDAMENTAL ANOS FINAIS,1.0,4.0,1.0,0.0,0.5,,,,2.5
Abaetetuba,Tocantins,15064905,ESCOLA ESTADUAL ESMERINA BOU HABIB,ENSINO FUNDAMENTAL ANOS FINAIS,1.0,8.0,0.8,0.0,0.0,,,,1.8
Abaetetuba,Tocantins,15065006,ESCOLA ESTADUAL PROF LEONIDAS MONTE,ENSINO FUNDAMENTAL ANOS FINAIS,0.0,0.0,0.0,0.0,0.0,,,,0.0
Abaetetuba,Tocantins,15066878,ESCOLA ESTADUAL CRISTO REDENTOR,ENSINO FUNDAMENTAL ANOS FINAIS,0.0,4.0,1.0,0.0,0.5,,,,1.5
Abaetetuba,Tocantins,15067157,ESCOLA ESTADUAL SAO MIGUEL DE BEJA,ENSINO FUNDAMENTAL ANOS FINAIS,1.0,2.0,0.2,0.0,0.5,,,,1.7
Abaetetuba,Tocantins,15163768,ESCOLA ESTADUAL DO CAMPO PROFA BENEDITA LIMA ARAUJO,ENSINO FUNDAMENTAL ANOS FINAIS,0.0,5.0,0.5,0.0,0.5,,,,1.0
Abaetetuba,Tocantins,15169057,ANEXO EE PROF BASILIO DE CARVALHO - RIO QUIANDUBA,ENSINO FUNDAMENTAL ANOS FINAIS,1.0,6.0,0.6,0.0,0.5,,,,2.1
Abaetetuba,Tocantins,15169944,ANEXO EE PEDRO TEIXEIRA - RIO CAMPOMPEMA,ENSINO FUNDAMENTAL ANOS FINAIS,0.0,1.0,0.1,0.0,0.5,,,,0.6
Abaetetuba,Tocantins,15169987,ANEXO EE PROF BASILIO DE CARVALHO - RIO ARUMANDUBA,ENSINO FUNDAMENTAL ANOS FINAIS,1.0,10.0,1.0,0.0,0.5,,,,2.5
Abaetetuba,Tocantins,15170020,ANEXO EE PROF LEONARDO NEGRAO DE SOUSA - COLONIA NOVA,ENSINO FUNDAMENTAL ANOS FINAIS,1.0,3.0,0.3,0.0,0.5,,,,1.8
Abaetetuba,Tocantins,15170713,ANEXO EE PROF BENVINDA DE ARAUJO PONTES - RIO ITACURUCA,ENSINO FUNDAMENTAL ANOS FINAIS,1.0,7.0,0.7,0.0,0.5,,,,2.2
Abaetetuba,Tocantins,15175642,ANEXO EE PEDRO TEIXEIRA - RIO FURO GRANDE,ENSINO FUNDAMENTAL ANOS FINAIS,1.0,5.0,1.0,1.0,0.5,,,,3.5
Abaetetuba,Tocantins,15177416,ESCOLA ESTADUAL RURAL DE ABAETETUBA,ENSINO FUNDAMENTAL ANOS FINAIS,0.0,0.0,0.0,0.0,0.0,,,,0.0
Abaetetuba,Tocantins,15179710,ANEXO EE PROF BENVINDA DE ARAUJO PONTES - AJUAI,ENSINO FUNDAMENTAL ANOS FINAIS,0.0,0.0,0.0,0.0,0.5,,,,0.5
Abaetetuba,Tocantins,15555186,ESCOLA ESTADUAL PROF BENVINDA DE ARAUJO PONTES,ENSINO FUNDAMENTAL ANOS FINAIS,0.0,0.0,0.0,0.0,0.5,,,,0.5
Abaetetuba,Tocantins,15576396,ESCOLA ESTADUAL IRMA STELLA MARIA,ENSINO FUNDAMENTAL ANOS FINAIS,1.0,5.0,1.0,0.0,0.5,,,,2.5
Alenquer,Baixo Amazonas,15005100,ESCOLA ESTADUAL SANTO ANTONIO,ENSINO FUNDAMENTAL ANOS FINAIS,1.0,4.0,1.0,0.0,0.5,,,,2.5
Alenquer,Baixo Amazonas,15005143,ESCOLA ESTADUAL DR JOSE JORGE HAGE,ENSINO FUNDAMENTAL ANOS FINAIS,0.0,0.0,0.0,0.0,0.5,,,,0.5
Ananindeua,Guajará,15033864,ESCOLA ESTADUAL NOVO HORIZONTE,ENSINO FUNDAMENTAL ANOS FINAIS,0.0,2.0,0.4,0.0,0.0,,,,0.4
Ananindeua,Guajará,15034046,ESCOLA ESTADUAL DOM ALBERTO GALDENCIO RAMOS,ENSINO FUNDAMENTAL ANOS FINAIS,0.0,4.0,0.4,0.0,0.0,,,,0.4
Ananindeua,Guajará,15034054,ESCOLA ESTADUAL PROF JOSE VALENTE RIBEIRO,ENSINO FUNDAMENTAL ANOS FINAIS,0.0,0.0,0.0,0.0,0.5,,,,0.5
Ananindeua,Guajará,15034143,ESCOLA ESTADUAL PRINCIPE DA PAZ,ENSINO FUNDAMENTAL ANOS FINAIS,0.0,2.0,0.2,0.0,0.0,,,,0.2
Ananindeua,Guajará,15034186,ESCOLA ESTADUAL MINISTRO ALCIDES CARNEIRO,ENSINO FUNDAMENTAL ANOS FINAIS,0.0,1.0,0.2,0.0,0.5,,,,0.7
Ananindeua,Guajará,15034321,ESCOLA ESTADUAL CANDIDO HORACIO EVELIN,ENSINO FUNDAMENTAL ANOS FINAIS,1.0,4.0,1.0,0.0,0.5,,,,2.5
Ananindeua,Guajará,15034330,ESCOLA ESTADUAL CELINA DEL TETTO,ENSINO FUNDAMENTAL ANOS FINAIS,0.0,0.0,0.0,0.0,0.5,,,,0.5
Ananindeua,Guajará,15034364,ESCOLA ESTADUAL ONEIDE DE SOUZA TAVARES,ENSINO FUNDAMENTAL ANOS FINAIS,0.0,3.0,0.8,0.0,0.5,,,,1.3
Ananindeua,Guajará,15034372,ESCOLA ESTADUAL JOAO CARLOS BATISTA,ENSINO FUNDAMENTAL ANOS FINAIS,0.0,0.0,0.0,0.0,0.5,,,,0.5
Ananindeua,Guajará,15034410,ESCOLA ESTADUAL ANTONIO TEIXEIRA GUEIROS,ENSINO FUNDAMENTAL ANOS FINAIS,0.0,2.0,0.4,0.0,0.5,,,,0.9
Ananindeua,Guajará,15034461,ESCOLA ESTADUAL PROFA EUGENIA CAVALLEIRO DE MACEDO,ENSINO FUNDAMENTAL ANOS FINAIS,0.0,4.0,0.8,0.0,0.5,,,,1.3
Ananindeua,Guajará,15034496,ESCOLA ESTADUAL PROFA MARIA ARAUJO FIGUEIREDO,ENSINO FUNDAMENTAL ANOS FINAIS,0.0,4.0,1.0,0.0,0.5,,,,1.5
Ananindeua,Guajará,15034500,ESCOLA ESTADUAL PROFA REGINA COELI SOUZA SILVA,ENSINO FUNDAMENTAL ANOS FINAIS,0.0,0.0,0.0,0.0,0.5,,,,0.5
Ananindeua,Guajará,15034569,ESCOLA ESTADUAL AGOSTINHO MONTEIRO,ENSINO FUNDAMENTAL ANOS FINAIS,0.0,2.0,0.4,0.0,0.0,,,,0.4
Ananindeua,Guajará,15034607,ESCOLA ESTADUAL JADERLANDIA,ENSINO FUNDAMENTAL ANOS FINAIS,0.0,2.0,0.5,0.0,0.5,,,,1.0
Ananindeua,Guajará,15034631,ESCOLA ESTADUAL JULIA SEFFER,ENSINO FUNDAMENTAL ANOS FINAIS,1.0,5.0,1.0,0.0,0.5,,,,2.5
Ananindeua,Guajará,15034640,ESCOLA ESTADUAL LUIZ NUNES DIREITO,ENSINO FUNDAMENTAL ANOS FINAIS,0.0,0.0,0.0,0.0,0.5,,,,0.5
Ananindeua,Guajará,15034658,ESCOLA ESTADUAL MARIA ENCARNACAO DE ARAUJO,ENSINO FUNDAMENTAL ANOS FINAIS,1.0,4.0,1.0,0.0,0.5,,,,2.5
Ananindeua,Guajará,15034755,ESCOLA ESTADUAL JOSE MARCELINO DE OLIVEIRA,ENSINO FUNDAMENTAL ANOS FINAIS,0.0,0.0,0.0,0.0,0.5,,,,0.5
Ananindeua,Guajará,15034763,ESCOLA ESTADUAL LUCY CORREA DE ARAUJO,ENSINO FUNDAMENTAL ANOS FINAIS,0.0,3.0,0.3,0.0,0.0,,,,0.3
Ananindeua,Guajará,15034771,ESCOLA ESTADUAL PRINCESA ISABEL - ATALAIA,ENSINO FUNDAMENTAL ANOS FINAIS,1.0,5.0,1.0,0.0,0.5,,,,2.5
Ananindeua,Guajará,15034780,ESCOLA ESTADUAL EROTILDES FROTA AGUIAR,ENSINO FUNDAMENTAL ANOS FINAIS,0.0,0.0,0.0,0.0,0.5,,,,0.5
Ananindeua,Guajará,15034836,ESCOLA ESTADUAL PROF ZULIMA VERGOLINO DIAS,ENSINO FUNDAMENTAL ANOS FINAIS,0.0,1.0,0.2,0.0,0.5,,,,0.7
Ananindeua,Guajará,15035581,ESCOLA ESTADUAL INSTITUTO BOM PASTOR,ENSINO FUNDAMENTAL ANOS FINAIS,0.0,0.0,0.0,0.0,0.5,,,,0.5
Ananindeua,Guajará,15035590,ESCOLA ESTADUAL JOAO XXIII,ENSINO FUNDAMENTAL ANOS FINAIS,0.0,1.0,0.2,0.0,0.5,,,,0.7
Ananindeua,Guajará,15035620,ESCOLA ESTADUAL CARLOS DRUMMOND DE ANDRADE,ENSINO FUNDAMENTAL ANOS FINAIS,1.0,4.0,1.0,0.0,0.5,,,,2.5
Ananindeua,Guajará,15035646,ESCOLA ESTADUAL CRISTO REDENTOR,ENSINO FUNDAMENTAL ANOS FINAIS,0.0,3.0,0.6,0.0,0.5,,,,1.1
Ananindeua,Guajará,15035662,ESCOLA ESTADUAL JORNALISTA ROMULO MAIORANA,ENSINO FUNDAMENTAL ANOS FINAIS,0.0,2.0,0.4,0.0,0.5,,,,0.9
Ananindeua,Guajará,15140587,ESCOLA ESTADUAL MARIA DE NAZARE MARQUES RIOS,ENSINO FUNDAMENTAL ANOS FINAIS,0.0,2.0,0.4,0.0,0.5,,,,0.9
Ananindeua,Guajará,15143970,ESCOLA ESTADUAL NOVAS AGUAS LINDAS,ENSINO FUNDAMENTAL ANOS FINAIS,0.0,0.0,0.0,0.0,0.5,,,,0.5
Ananindeua,Guajará,15144801,ESCOLA ESTADUAL ENEIDA DE MORAES,ENSINO FUNDAMENTAL ANOS FINAIS,0.0,0.0,0.0,0.0,0.0,,,,0.0
Ananindeua,Guajará,15154904,ESCOLA ESTADUAL ICUI LARANJEIRA,ENSINO FUNDAMENTAL ANOS FINAIS,0.0,0.0,0.0,0.0,0.5,,,,0.5
Ananindeua,Guajará,15521117,ESCOLA ESTADUAL CONSUELO COELHO E SOUZA,ENSINO FUNDAMENTAL ANOS FINAIS,1.0,4.0,1.0,0.0,0.5,,,,2.5
Ananindeua,Guajará,15521141,ESCOLA ESTADUAL CENTRO COMUNITARIO VILA ESPERANCA,ENSINO FUNDAMENTAL ANOS FINAIS,1.0,4.0,1.0,0.0,0.5,,,,2.5
Ananindeua,Guajará,15523420,ESCOLA ESTADUAL ARMANDO FAJARDO,ENSINO FUNDAMENTAL ANOS FINAIS,0.0,1.0,0.1,0.0,0.5,,,,0.6
Ananindeua,Guajará,15564363,ESCOLA ESTADUAL PROF FRANCISCO PAULO DO NASCIMENTO MENDES,ENSINO FUNDAMENTAL ANOS FINAIS,0.0,0.0,0.0,0.0,0.5,,,,0.5
Ananindeua,Guajará,15578020,ESCOLA ESTADUAL IZABEL AMAZONAS,ENSINO FUNDAMENTAL ANOS FINAIS,1.0,4.0,1.0,0.0,0.5,,,,2.5
Ananindeua,Guajará,15578038,ESCOLA ESTADUAL NAIR ZALUTH,ENSINO FUNDAMENTAL ANOS FINAIS,0.0,4.0,0.8,0.0,0.0,,,,0.8
Ananindeua,Guajará,15586332,ESCOLA ESTADUAL PARAENSE,ENSINO FUNDAMENTAL ANOS FINAIS,0.0,2.0,0.4,0.0,0.5,,,,0.9
Ananindeua,Guajará,15590917,ESCOLA ESTADUAL PROF MANOEL SATURNINO DE ANDRADE FAVACHO,ENSINO FUNDAMENTAL ANOS FINAIS,1.0,5.0,1.0,0.0,0.5,,,,2.5
Aurora do Pará,Rio Capim,15087042,ESCOLA ESTADUAL PROF HILDEBERTO REIS,ENSINO FUNDAMENTAL ANOS FINAIS,1.0,4.0,1.0,1.0,0.5,,,,3.5
Barcarena,Tocantins,15035735,ESCOLA ESTADUAL PADRE JOSE DELGARDES,ENSINO FUNDAMENTAL ANOS FINAIS,0.0,4.0,0.8,0.0,0.5,,,,1.3
Barcarena,Tocantins,15035867,ESCOLA ESTADUAL CONEGO BATISTA CAMPOS,ENSINO FUNDAMENTAL ANOS FINAIS,0.0,3.0,0.3,0.0,0.0,,,,0.3
Barcarena,Tocantins,15037070,ESCOLA ESTADUAL PRESIDENTE DUTRA,ENSINO FUNDAMENTAL ANOS FINAIS,0.0,3.0,0.6,0.0,0.5,,,,1.1
Belém,Guajará,15034151,ESCOLA ESTADUAL JARDIM SIDERAL,ENSINO FUNDAMENTAL ANOS FINAIS,1.0,4.0,1.0,0.0,0.5,,,,2.5
Belém,Guajará,15034739,ESCOLA ESTADUAL MARIA GABRIELA RAMOS DE OLIVEIRA,ENSINO FUNDAMENTAL ANOS FINAIS,0.0,0.0,0.0,0.0,0.0,,,,0.0
Belém,Guajará,15035220,ESCOLA ESTADUAL PE ORIONE,ENSINO FUNDAMENTAL ANOS FINAIS,0.0,4.0,1.0,0.0,0.5,,,,1.5
Belém,Guajará,15035557,ESCOLA ESTADUAL RAINHA DA PAZ,ENSINO FUNDAMENTAL ANOS FINAIS,0.0,1.0,0.1,0.0,0.5,,,,0.6
Belém,Guajará,15037991,ESCOLA ESTADUAL CONEGO BATISTA CAMPOS,ENSINO FUNDAMENTAL ANOS FINAIS,1.0,5.0,1.0,0.0,0.5,,,,2.5
Belém,Guajará,15038769,ESCOLA ESTADUAL BARAO DE IGARAPE MIRI,ENSINO FUNDAMENTAL ANOS FINAIS,0.0,0.0,0.0,0.0,0.0,,,,0.0
Belém,Guajará,15038815,ESCOLA ESTADUAL MADRE ZARIFE SALES,ENSINO FUNDAMENTAL ANOS FINAIS,0.0,0.0,0.0,0.0,0.5,,,,0.5
Belém,Guajará,15039234,ESCOLA ESTADUAL PAULINO DE BRITO,ENSINO FUNDAMENTAL ANOS FINAIS,0.0,3.0,0.6,0.0,0.5,,,,1.1
Belém,Guajará,15039250,ESCOLA ESTADUAL PROFA HILDA VIEIRA,ENSINO FUNDAMENTAL ANOS FINAIS,1.0,4.0,1.0,0.0,0.5,,,,2.5
Belém,Guajará,15039498,ESCOLA ESTADUAL PROF WALDEMAR RIBEIRO,ENSINO FUNDAMENTAL ANOS FINAIS,1.0,4.0,1.0,0.0,0.5,,,,2.5
Belém,Guajará,15039510,ESCOLA ESTADUAL PROFA ANESIA,ENSINO FUNDAMENTAL ANOS FINAIS,0.0,2.0,0.5,0.0,0.5,,,,1.0
Belém,Guajará,15039528,ESCOLA ESTADUAL ALDEBARO KLAUTAU,ENSINO FUNDAMENTAL ANOS FINAIS,0.0,3.0,0.8,0.0,0.5,,,,1.3
Belém,Guajará,15039536,ESCOLA ESTADUAL ALMIRANTE TAMANDARE,ENSINO FUNDAMENTAL ANOS FINAIS,1.0,4.0,1.0,0.0,0.5,,,,2.5
Belém,Guajará,15039552,ESCOLA ESTADUAL AMILCAR ALVES TUPIASSU,ENSINO FUNDAMENTAL ANOS FINAIS,0.0,0.0,0.0,0.0,0.0,,,,0.0
Belém,Guajará,15039587,ESCOLA ESTADUAL AUGUSTO MONTENEGRO,ENSINO FUNDAMENTAL ANOS FINAIS,1.0,4.0,1.0,0.0,0.5,,,,2.5
Belém,Guajará,15039595,ESCOLA ESTADUAL BARAO DO RIO BRANCO,ENSINO FUNDAMENTAL ANOS FINAIS,0.0,1.0,0.2,0.0,0.5,,,,0.7
Belém,Guajará,15039609,ESCOLA ESTADUAL BENJAMIN CONSTANT,ENSINO FUNDAMENTAL ANOS FINAIS,0.0,0.0,0.0,0.0,0.5,,,,0.5
Belém,Guajará,15039617,ESCOLA ESTADUAL CALDEIRA CASTELO BRANCO,ENSINO FUNDAMENTAL ANOS FINAIS,1.0,4.0,1.0,0.0,0.5,,,,2.5
Belém,Guajará,15039633,ESCOLA ESTADUAL ACACIO FELICIO SOBRAL,ENSINO FUNDAMENTAL ANOS FINAIS,1.0,8.0,0.8,0.0,0.5,,,,2.3
Belém,Guajará,15039650,ESCOLA ESTADUAL LAURO SODRE,ENSINO FUNDAMENTAL ANOS FINAIS,0.0,4.0,1.0,0.0,0.5,,,,1.5
Belém,Guajará,15039668,ESCOLA ESTADUAL ARTHUR PORTO,ENSINO FUNDAMENTAL ANOS FINAIS,0.0,0.0,0.0,0.0,0.5,,,,0.5
Belém,Guajará,15039676,ESCOLA ESTADUAL DR JUSTO CHERMONT,ENSINO FUNDAMENTAL ANOS FINAIS,0.0,0.0,0.0,0.0,0.0,,,,0.0
Belém,Guajará,15039684,ESCOLA ESTADUAL PADRE BENEDITO CHAVES,ENSINO FUNDAMENTAL ANOS FINAIS,0.0,0.0,0.0,0.0,0.5,,,,0.5
Belém,Guajará,15039706,ESCOLA ESTADUAL AUGUSTO OLIMPIO,ENSINO FUNDAMENTAL ANOS FINAIS,1.0,5.0,1.0,0.0,0.5,,,,2.5
Belém,Guajará,15039714,ESCOLA ESTADUAL DOM PEDRO II,ENSINO FUNDAMENTAL ANOS FINAIS,1.0,4.0,1.0,0.0,0.5,,,,2.5
Belém,Guajará,15039722,ESCOLA ESTADUAL DOMINGOS ACATAUASSU NUNES,ENSINO FUNDAMENTAL ANOS FINAIS,0.0,4.0,0.8,0.0,0.5,,,,1.3
Belém,Guajará,15039730,ESCOLA ESTADUAL MAROJA NETO,ENSINO FUNDAMENTAL ANOS FINAIS,0.0,0.0,0.0,0.0,0.5,,,,0.5
Belém,Guajará,15039757,ESCOLA ESTADUAL PROFA PLACIDIA CARDOSO,ENSINO FUNDAMENTAL ANOS FINAIS,0.0,1.0,0.2,0.0,0.5,,,,0.7
Belém,Guajará,15039765,ESCOLA ESTADUAL MONSENHOR AZEVEDO,ENSINO FUNDAMENTAL ANOS FINAIS,0.0,3.0,0.3,0.0,0.5,,,,0.8
Belém,Guajará,15039773,ESCOLA ESTADUAL SANTOS DUMONT,ENSINO FUNDAMENTAL ANOS FINAIS,0.0,1.0,0.1,0.0,0.5,,,,0.6
Belém,Guajará,15039803,ESCOLA ESTADUAL PROF SANTANA MARQUES,ENSINO FUNDAMENTAL ANOS FINAIS,0.0,0.0,0.0,0.0,0.0,,,,0.0
Belém,Guajará,15039811,ESCOLA ESTADUAL PROFA ANTONIA PAES DA SILVA,ENSINO FUNDAMENTAL ANOS FINAIS,0.0,1.0,0.2,0.0,0.5,,,,0.7
Belém,Guajará,15039919,ESCOLA ESTADUAL DR FREITAS,ENSINO FUNDAMENTAL ANOS FINAIS,0.0,4.0,1.0,0.0,0.5,,,,1.5
Belém,Guajará,15039927,ESCOLA ESTADUAL DR MARIO CHERMONT,ENSINO FUNDAMENTAL ANOS FINAIS,0.0,0.0,0.0,0.0,0.5,,,,0.5
Belém,Guajará,15039935,ESCOLA ESTADUAL DUQUE DE CAXIAS,ENSINO FUNDAMENTAL ANOS FINAIS,0.0,3.0,0.8,0.0,0.5,,,,1.3
Belém,Guajará,15039951,ESCOLA ESTADUAL FREI DANIEL,ENSINO FUNDAMENTAL ANOS FINAIS,0.0,0.0,0.0,0.0,0.5,,,,0.5
Belém,Guajará,15039960,ESCOLA ESTADUAL GENERAL GURJAO,ENSINO FUNDAMENTAL ANOS FINAIS,0.0,0.0,0.0,0.0,0.5,,,,0.5
Belém,Guajará,15039986,ESCOLA ESTADUAL GONCALO DUARTE,ENSINO FUNDAMENTAL ANOS FINAIS,1.0,5.0,1.0,0.0,0.5,,,,2.5
Belém,Guajará,15040003,ESCOLA ESTADUAL JARBAS PASSARINHO - SOUZA,ENSINO FUNDAMENTAL ANOS FINAIS,1.0,5.0,1.0,0.0,0.5,,,,2.5
Belém,Guajará,15040011,ESCOLA ESTADUAL JARBAS PASSARINHO,ENSINO FUNDAMENTAL ANOS FINAIS,1.0,4.0,1.0,1.0,0.5,,,,3.5
Belém,Guajará,15040046,ESCOLA ESTADUAL JOSE BONIFACIO,ENSINO FUNDAMENTAL ANOS FINAIS,1.0,4.0,1.0,1.0,0.5,,,,3.5
Belém,Guajará,15040054,ESCOLA ESTADUAL JOSE VERISSIMO,ENSINO FUNDAMENTAL ANOS FINAIS,1.0,4.0,1.0,0.0,0.5,,,,2.5
Belém,Guajará,15040089,ESCOLA ESTADUAL PAULO MARANHAO,ENSINO FUNDAMENTAL ANOS FINAIS,1.0,4.0,1.0,0.0,0.5,,,,2.5
Belém,Guajará,15040097,ESCOLA ESTADUAL PINTO MARQUES,ENSINO FUNDAMENTAL ANOS FINAIS,0.0,1.0,0.3,0.0,0.5,,,,0.8
Belém,Guajará,15040143,ESCOLA ESTADUAL S PROF CAMILO SALGADO,ENSINO FUNDAMENTAL ANOS FINAIS,0.0,1.0,0.2,0.0,0.0,,,,0.2
Belém,Guajará,15040186,ESCOLA ESTADUAL RUI BARBOSA,ENSINO FUNDAMENTAL ANOS FINAIS,0.0,4.0,1.0,0.0,0.5,,,,1.5
Belém,Guajará,15040224,ESCOLA ESTADUAL SANTA LUZIA,ENSINO FUNDAMENTAL ANOS FINAIS,0.0,2.0,0.2,0.0,0.5,,,,0.7
Belém,Guajará,15040291,ESCOLA ESTADUAL PROF RUTH ROSITA DE NAZARE GONZALES,ENSINO FUNDAMENTAL ANOS FINAIS,1.0,5.0,1.0,0.0,0.5,,,,2.5
Belém,Guajará,15040305,ESCOLA ESTADUAL BRIGADEIRO FONTENELLE,ENSINO FUNDAMENTAL ANOS FINAIS,1.0,5.0,1.0,0.0,0.5,,,,2.5
Belém,Guajará,15040313,ESCOLA ESTADUAL GRAZIELA MOURA RIBEIRO,ENSINO FUNDAMENTAL ANOS FINAIS,0.0,5.0,1.0,0.0,0.5,,,,1.5
Belém,Guajará,15040321,ESCOLA ESTADUAL DR ANIBAL DUARTE,ENSINO FUNDAMENTAL ANOS FINAIS,0.0,5.0,1.0,0.0,0.5,,,,1.5
Belém,Guajará,15040402,ESCOLA ESTADUAL JOSE ALVES MAIA,ENSINO FUNDAMENTAL ANOS FINAIS,0.0,0.0,0.0,0.0,0.0,,,,0.0
Belém,Guajará,15040429,ESCOLA ESTADUAL MAL CORDEIRO DE FARIAS,ENSINO FUNDAMENTAL ANOS FINAIS,0.0,4.0,1.0,0.0,0.5,,,,1.5
Belém,Guajará,15040437,ESCOLA ESTADUAL MANOEL DE JESUS MORAES,ENSINO FUNDAMENTAL ANOS FINAIS,0.0,1.0,0.1,0.0,0.5,,,,0.6
Belém,Guajará,15040461,ESCOLA ESTADUAL PRESIDENTE COSTA E SILVA,ENSINO FUNDAMENTAL ANOS FINAIS,0.0,2.0,0.4,0.0,0.5,,,,0.9
Belém,Guajará,15040470,ESCOLA ESTADUAL PROF ACY DE JESUS BARROS PEREIRA,ENSINO FUNDAMENTAL ANOS FINAIS,0.0,0.0,0.0,0.0,0.5,,,,0.5
Belém,Guajará,15040496,ESCOLA ESTADUAL PROFA DONATILA SANTANA LOPES,ENSINO FUNDAMENTAL ANOS FINAIS,1.0,4.0,1.0,0.0,0.5,,,,2.5
Belém,Guajará,15040500,ESCOLA ESTADUAL PROFA ESTHER BANDEIRA GOMES,ENSINO FUNDAMENTAL ANOS FINAIS,0.0,0.0,0.0,0.0,0.0,,,,0.0
Belém,Guajará,15040534,ESCOLA ESTADUAL RODRIGUES PINAGE,ENSINO FUNDAMENTAL ANOS FINAIS,0.0,0.0,0.0,0.0,0.5,,,,0.5
Belém,Guajará,15040569,ESCOLA ESTADUAL TEODORA BENTES,ENSINO FUNDAMENTAL ANOS FINAIS,0.0,0.0,0.0,0.0,0.5,,,,0.5
Belém,Guajará,15041387,ESCOLA ESTADUAL SALESIANA DO TRABALHO,ENSINO FUNDAMENTAL ANOS FINAIS,1.0,4.0,1.0,0.0,0.5,,,,2.5
Belém,Guajará,15041409,ESCOLA ESTADUAL SANTO AFONSO,ENSINO FUNDAMENTAL ANOS FINAIS,0.0,0.0,0.0,0.0,0.5,,,,0.5
Belém,Guajará,15041425,ESCOLA ESTADUAL TIRADENTES I,ENSINO FUNDAMENTAL ANOS FINAIS,0.0,1.0,0.2,0.0,0.0,,,,0.2
Belém,Guajará,15042324,ESCOLA ESTADUAL PROF PALMIRA GABRIEL,ENSINO FUNDAMENTAL ANOS FINAIS,0.0,0.0,0.0,0.0,0.5,,,,0.5
Belém,Guajará,15042480,ESCOLA ESTADUAL ALMIRANTE JOAO FARIA DE LIMA,ENSINO FUNDAMENTAL ANOS FINAIS,0.0,0.0,0.0,0.0,0.5,,,,0.5
Belém,Guajará,15042499,ESCOLA ESTADUAL TENONE,ENSINO FUNDAMENTAL ANOS FINAIS,0.0,2.0,0.4,0.0,0.5,,,,0.9
Belém,Guajará,15042529,ESCOLA ESTADUAL PADRE FRANCISCO BERTON,ENSINO FUNDAMENTAL ANOS FINAIS,0.0,3.0,0.6,0.0,0.5,,,,1.1
Belém,Guajará,15042537,ESCOLA ESTADUAL MARILDA NUNES,ENSINO FUNDAMENTAL ANOS FINAIS,0.0,1.0,0.3,0.0,0.5,,,,0.8
Belém,Guajará,15042570,ESCOLA ESTADUAL CIDADE DE EMAUS,ENSINO FUNDAMENTAL ANOS FINAIS,0.0,3.0,0.3,0.0,0.5,,,,0.8
Belém,Guajará,15042626,ESCOLA ESTADUAL NOSSA SENHORA DO CARMO,ENSINO FUNDAMENTAL ANOS FINAIS,1.0,5.0,1.0,0.0,0.5,,,,2.5
Belém,Guajará,15042634,ESCOLA ESTADUAL GENY GABRIEL AMARAL,ENSINO FUNDAMENTAL ANOS FINAIS,1.0,5.0,1.0,0.0,0.5,,,,2.5
Belém,Guajará,15042650,ESCOLA ESTADUAL MARIA ANTONIETA SERRA FREIRE,ENSINO FUNDAMENTAL ANOS FINAIS,0.0,3.0,0.3,0.0,0.0,,,,0.3
Belém,Guajará,15042677,ESCOLA ESTADUAL BRASILIA,ENSINO FUNDAMENTAL ANOS FINAIS,0.0,0.0,0.0,0.0,0.5,,,,0.5
Belém,Guajará,15042766,ESCOLA ESTADUAL COLONIA DO FIDELIS,ENSINO FUNDAMENTAL ANOS FINAIS,0.0,0.0,0.0,0.0,0.5,,,,0.5
Belém,Guajará,15042782,ESCOLA ESTADUAL DO OUTEIRO,ENSINO FUNDAMENTAL ANOS FINAIS,0.0,0.0,0.0,0.0,0.0,,,,0.0
Belém,Guajará,15042804,ESCOLA ESTADUAL SUBOFICIAL EDVALDO BRANDAO DE JESUS,ENSINO FUNDAMENTAL ANOS FINAIS,0.0,1.0,0.1,0.0,0.5,,,,0.6
Belém,Guajará,15042812,ESCOLA ESTADUAL YOLANDA LEDUC PERALTA,ENSINO FUNDAMENTAL ANOS FINAIS,0.0,0.0,0.0,0.0,0.5,,,,0.5
Belém,Guajará,15042855,ESCOLA ESTADUAL DONA HELENA GUILHON,ENSINO FUNDAMENTAL ANOS FINAIS,0.0,0.0,0.0,0.0,0.5,,,,0.5
Belém,Guajará,15042863,ESCOLA ESTADUAL IZABEL DOS SANTOS DIAS,ENSINO FUNDAMENTAL ANOS FINAIS,0.0,4.0,0.4,0.0,0.5,,,,0.9
Belém,Guajará,15042880,ESCOLA ESTADUAL PROF PORANGA JUCA,ENSINO FUNDAMENTAL ANOS FINAIS,1.0,5.0,1.0,0.0,0.5,,,,2.5
Belém,Guajará,15042936,ESCOLA ESTADUAL DR PAULO FONTELLES DE LIMA,ENSINO FUNDAMENTAL ANOS FINAIS,1.0,3.0,0.6,0.0,0.5,,,,2.1
Belém,Guajará,15042944,ESCOLA ESTADUAL PROFA MARIA LUIZA DA COSTA REGO,ENSINO FUNDAMENTAL ANOS FINAIS,0.0,4.0,0.8,0.0,0.5,,,,1.3
Belém,Guajará,15043312,ESCOLA ESTADUAL INGLES DE SOUZA,ENSINO FUNDAMENTAL ANOS FINAIS,0.0,0.0,0.0,0.0,0.5,,,,0.5
Belém,Guajará,15043320,ESCOLA ESTADUAL PROF ABELARDO LEAO CONDURU,ENSINO FUNDAMENTAL ANOS FINAIS,0.0,3.0,0.6,0.0,0.5,,,,1.1
Belém,Guajará,15043525,ESCOLA ESTADUAL EUNICE WEAVER,ENSINO FUNDAMENTAL ANOS FINAIS,0.0,5.0,0.5,0.0,0.5,,,,1.0
Belém,Guajará,15043533,ESCOLA ESTADUAL JONATHAS PONTES ATHIAS,ENSINO FUNDAMENTAL ANOS FINAIS,0.0,1.0,0.2,0.0,0.5,,,,0.7
Belém,Guajará,15043550,ESCOLA ESTADUAL ALMIRANTE GUILLOBEL,ENSINO FUNDAMENTAL ANOS FINAIS,0.0,2.0,0.5,0.0,0.5,,,,1.0
Belém,Guajará,15043576,ESCOLA ESTADUAL PRESIDENTE CASTELO BRANCO,ENSINO FUNDAMENTAL ANOS FINAIS,1.0,4.0,1.0,0.0,0.5,,,,2.5
Belém,Guajará,15140657,ESCOLA ESTADUAL SAO PEDRO,ENSINO FUNDAMENTAL ANOS FINAIS,0.0,0.0,0.0,0.0,0.5,,,,0.5
Belém,Guajará,15140664,ESCOLA ESTADUAL PANORAMA XXI,ENSINO FUNDAMENTAL ANOS FINAIS,1.0,5.0,1.0,0.0,0.5,,,,2.5
Belém,Guajará,15140711,ESCOLA ESTADUAL MARIO BARBOSA,ENSINO FUNDAMENTAL ANOS FINAIS,0.0,4.0,0.4,0.0,0.5,,,,0.9
Belém,Guajará,15148947,ESCOLA ESTADUAL FELIZ LUZITANIA,ENSINO FUNDAMENTAL ANOS FINAIS,0.0,3.0,0.6,0.0,0.5,,,,1.1
Belém,Guajará,15148955,ESCOLA ESTADUAL FE EM DEUS,ENSINO FUNDAMENTAL ANOS FINAIS,0.0,4.0,0.8,0.0,0.5,,,,1.3
Belém,Guajará,15161536,ESCOLA ESTADUAL NOSSA SENHORA DAS GRACAS,ENSINO FUNDAMENTAL ANOS FINAIS,0.0,0.0,0.0,0.0,0.5,,,,0.5
Belém,Guajará,15171671,ESCOLA ESTADUAL NUREMBERG BORJA DE BRITO FILHO,ENSINO FUNDAMENTAL ANOS FINAIS,0.0,0.0,0.0,0.0,0.5,,,,0.5
Belém,Guajará,15180662,ESCOLA ESTADUAL DE ENSINO INTEGRAL BILINGUE MESTRA IDALINA RODRIGUES PEREIRA,ENSINO FUNDAMENTAL ANOS FINAIS,1.0,0.0,0.0,0.0,0.5,,,,1.5
Belém,Guajará,15517683,ESCOLA ESTADUAL ESTRADA NOVA,ENSINO FUNDAMENTAL ANOS FINAIS,0.0,0.0,0.0,0.0,0.0,,,,0.0
Belém,Guajará,15517900,ESCOLA ESTADUAL WALDEMAR HENRIQUE,ENSINO FUNDAMENTAL ANOS FINAIS,0.0,2.0,0.2,0.0,0.0,,,,0.2
Belém,Guajará,15552586,ESCOLA ESTADUAL PROF ANTONIO GOMES MOREIRA JUNIOR,ENSINO FUNDAMENTAL ANOS FINAIS,0.0,2.0,0.2,0.0,0.5,,,,0.7
Belém,Guajará,15564371,ESCOLA ESTADUAL PROF NAGIB COELHO MATNI,ENSINO FUNDAMENTAL ANOS FINAIS,1.0,4.0,1.0,0.0,0.5,,,,2.5
Belém,Guajará,15573613,ESCOLA ESTADUAL XV DE OUTUBRO - GUAMA,ENSINO FUNDAMENTAL ANOS FINAIS,1.0,4.0,1.0,0.0,0.5,,,,2.5
Belém,Guajará,15573702,ESCOLA ESTADUAL FRANKLIN DE MENEZES,ENSINO FUNDAMENTAL ANOS FINAIS,1.0,9.0,0.9,0.0,0.5,,,,2.4
Belém,Guajará,15573710,ESCOLA ESTADUAL CRUZEIRO DO SUL,ENSINO FUNDAMENTAL ANOS FINAIS,0.0,1.0,0.1,0.0,0.5,,,,0.6
Belém,Guajará,15574156,ESCOLA ESTADUAL NOSSA SENHORA DE GUADALUPE,ENSINO FUNDAMENTAL ANOS FINAIS,0.0,0.0,0.0,0.0,0.5,,,,0.5
Belém,Guajará,15586227,ESCOLA ESTADUAL DR JOSE MARCIO AYRES,ENSINO FUNDAMENTAL ANOS FINAIS,0.0,0.0,0.0,0.0,0.5,,,,0.5
Benevides,Guajará,15043657,ESCOLA ESTADUAL CENECISTA FRANCOIS PAUL BEGOT,ENSINO FUNDAMENTAL ANOS FINAIS,0.0,0.0,0.0,0.0,0.5,,,,0.5
Benevides,Guajará,15043738,ESCOLA ESTADUAL PROF DEUSARINA NASCIMENTO SOUZA,ENSINO FUNDAMENTAL ANOS FINAIS,0.0,3.0,0.6,0.0,0.5,,,,1.1
Benevides,Guajará,15043746,ESCOLA ESTADUAL DA TERCEIRA TRAVESSA,ENSINO FUNDAMENTAL ANOS FINAIS,1.0,5.0,1.0,0.0,0.5,,,,2.5
Benevides,Guajará,15043762,ESCOLA ESTADUAL DE CANUTAMA,ENSINO FUNDAMENTAL ANOS FINAIS,0.0,0.0,0.0,0.0,0.5,,,,0.5
Benevides,Guajará,15043983,ESCOLA ESTADUAL JOAO BATISTA DE MOURA CARVALHO,ENSINO FUNDAMENTAL ANOS FINAIS,0.0,0.0,0.0,0.0,0.5,,,,0.5
Benevides,Guajará,15043991,ESCOLA ESTADUAL LEAO IRINEU HAUSSLER DELGADO,ENSINO FUNDAMENTAL ANOS FINAIS,0.0,0.0,0.0,0.0,0.5,,,,0.5
Benevides,Guajará,15044009,ESCOLA ESTADUAL DE MURININ,ENSINO FUNDAMENTAL ANOS FINAIS,0.0,1.0,0.2,0.0,0.5,,,,0.7
Benevides,Guajará,15170101,ANEXO EE LEAO IRINEU HAUSSLER DELGADO - SANTA MARIA,ENSINO FUNDAMENTAL ANOS FINAIS,0.0,0.0,0.0,0.0,0.5,,,,0.5
Benevides,Guajará,15523322,ESCOLA ESTADUAL PADRE JOSIMO TAVARES,ENSINO FUNDAMENTAL ANOS FINAIS,0.0,0.0,0.0,0.0,0.5,,,,0.5
Bonito,Rio Caeté,15056007,ESCOLA ESTADUAL CHARLES ASSAD,ENSINO FUNDAMENTAL ANOS FINAIS,0.0,1.0,0.1,0.0,0.5,,,,0.6
Bonito,Rio Caeté,15056155,ESCOLA ESTADUAL SANTO ANTONIO DO CUMARU,ENSINO FUNDAMENTAL ANOS FINAIS,0.0,3.0,0.3,0.0,0.0,,,,0.3
Bonito,Rio Caeté,15157636,ESCOLA ESTADUAL MARIA DE NAZARE ASSAD ELIAS,ENSINO FUNDAMENTAL ANOS FINAIS,1.0,4.0,1.0,1.0,0.5,,,,3.5
Bragança,Rio Caeté,15056643,ESCOLA ESTADUAL CENTRO EDUCACIONAL CORACAO DE JESUS,ENSINO FUNDAMENTAL ANOS FINAIS,0.0,0.0,0.0,0.0,0.5,,,,0.5
Bragança,Rio Caeté,15056767,ESCOLA ESTADUAL AUGUSTO CORREA,ENSINO FUNDAMENTAL ANOS FINAIS,0.0,1.0,0.1,0.0,0.5,,,,0.6
Bragança,Rio Caeté,15056775,ESCOLA ESTADUAL DR FRANCISCO DE PAULA PINHEIRO,ENSINO FUNDAMENTAL ANOS FINAIS,0.0,0.0,0.0,0.0,0.5,,,,0.5
Bragança,Rio Caeté,15056791,ESCOLA ESTADUAL MANOEL JULIAO GARCIA CASTANHO,ENSINO FUNDAMENTAL ANOS FINAIS,0.0,4.0,0.4,0.0,0.0,,,,0.4
Bragança,Rio Caeté,15057119,ESCOLA ESTADUAL CEL ALUIZIO PINHEIRO FERREIRA,ENSINO FUNDAMENTAL ANOS FINAIS,0.0,0.0,0.0,0.0,0.5,,,,0.5
Bragança,Rio Caeté,15057127,ESCOLA ESTADUAL MARIO QUEIROZ DO ROSARIO,ENSINO FUNDAMENTAL ANOS FINAIS,0.0,1.0,0.2,0.0,0.5,,,,0.7
Bragança,Rio Caeté,15057135,ESCOLA ESTADUAL MONSENHOR MANCIO RIBEIRO,ENSINO FUNDAMENTAL ANOS FINAIS,0.0,3.0,0.3,0.0,0.0,,,,0.3
Bragança,Rio Caeté,15057194,ESCOLA ESTADUAL PROF YOLANDA CHAVES,ENSINO FUNDAMENTAL ANOS FINAIS,1.0,5.0,1.0,0.0,0.5,,,,2.5
Bragança,Rio Caeté,15057224,ESCOLA ESTADUAL GERMANO GARCIA,ENSINO FUNDAMENTAL ANOS FINAIS,0.0,1.0,0.1,0.0,0.0,,,,0.1
Bragança,Rio Caeté,15057259,ESCOLA ESTADUAL LEANDRO LOBAO DA SILVEIRA,ENSINO FUNDAMENTAL ANOS FINAIS,1.0,4.0,1.0,0.0,0.5,,,,2.5
Bragança,Rio Caeté,15057267,ESCOLA ESTADUAL PROF MARIA DE NAZARE CEZAR PINHEIRO,ENSINO FUNDAMENTAL ANOS FINAIS,0.0,4.0,0.4,0.0,0.0,,,,0.4
Bragança,Rio Caeté,15057291,ESCOLA ESTADUAL PATALINO,ENSINO FUNDAMENTAL ANOS FINAIS,1.0,7.0,0.7,0.0,0.0,,,,1.7
Bragança,Rio Caeté,15057305,ESCOLA ESTADUAL PADRE LUIZ GONZAGA,ENSINO FUNDAMENTAL ANOS FINAIS,1.0,4.0,1.0,0.0,0.5,,,,2.5
Bragança,Rio Caeté,15058751,ESCOLA ESTADUAL CASA DA AMIZADE,ENSINO FUNDAMENTAL ANOS FINAIS,0.0,1.0,0.2,0.0,0.5,,,,0.7
Bragança,Rio Caeté,15058778,ESCOLA ESTADUAL EXTERNATO SANTO ANTONIO,ENSINO FUNDAMENTAL ANOS FINAIS,0.0,0.0,0.0,0.0,0.0,,,,0.0
Bragança,Rio Caeté,15058786,ESCOLA ESTADUAL DOMINGAS DA COSTA SOUSA,ENSINO FUNDAMENTAL ANOS FINAIS,0.0,0.0,0.0,0.0,0.5,,,,0.5
Bragança,Rio Caeté,15058832,ESCOLA ESTADUAL ALBINO CARDOSO,ENSINO FUNDAMENTAL ANOS FINAIS,1.0,9.0,0.9,0.0,0.5,,,,2.4
Bragança,Rio Caeté,15527409,ESCOLA ESTADUAL RIO CAETE,ENSINO FUNDAMENTAL ANOS FINAIS,1.0,4.0,1.0,0.0,0.5,,,,2.5
Bujaru,Rio Capim,15044327,ESCOLA ESTADUAL DOM MARIO DE MIRANDA VILAS BOAS,ENSINO FUNDAMENTAL ANOS FINAIS,0.0,1.0,0.2,0.0,0.5,,,,0.7
Cachoeira do Ar,aMriarajó,15028488,ESCOLA ESTADUAL JOSE RODRIGUES VIANA,ENSINO FUNDAMENTAL ANOS FINAIS,0.0,0.0,0.0,0.0,0.5,,,,0.5
Cachoeira do Ar,aMriarajó,15028526,ESCOLA ESTADUAL RETIRO GRANDE,ENSINO FUNDAMENTAL ANOS FINAIS,0.0,1.0,0.1,0.0,0.5,,,,0.6
Cachoeira do Ar,aMriarajó,15028534,ESCOLA ESTADUAL CAMARA,ENSINO FUNDAMENTAL ANOS FINAIS,0.0,0.0,0.0,0.0,0.5,,,,0.5
Cachoeira do Ar,aMriarajó,15028593,ESCOLA ESTADUAL DELGADO LEAO,ENSINO FUNDAMENTAL ANOS FINAIS,1.0,5.0,1.0,1.0,0.5,,,,3.5
Cachoeira do Ar,aMriarajó,15171043,ESCOLA ESTADUAL MAGNO DA SILVA BAHIA,ENSINO FUNDAMENTAL ANOS FINAIS,1.0,5.0,1.0,0.0,0.5,,,,2.5
Capanema,Rio Caeté,15059510,ESCOLA ESTADUAL SAO PIO X,ENSINO FUNDAMENTAL ANOS FINAIS,0.0,1.0,0.2,1.0,0.5,,,,1.8
Capanema,Rio Caeté,15059588,ESCOLA ESTADUAL PROFA MARIA AMELIA DE VASCONCELOS,ENSINO FUNDAMENTAL ANOS FINAIS,0.0,3.0,0.8,0.0,0.5,,,,1.3
Capanema,Rio Caeté,15059626,ESCOLA ESTADUAL PROFA AMERICA LEAO CONDURU,ENSINO FUNDAMENTAL ANOS FINAIS,1.0,5.0,1.0,0.0,0.5,,,,2.5
Capanema,Rio Caeté,15059634,ESCOLA ESTADUAL DOM JOAO VI,ENSINO FUNDAMENTAL ANOS FINAIS,1.0,4.0,1.0,0.0,0.5,,,,2.5
Capanema,Rio Caeté,15059642,ESCOLA ESTADUAL JOAO SANTOS,ENSINO FUNDAMENTAL ANOS FINAIS,0.0,4.0,0.8,0.0,0.5,,,,1.3
Capanema,Rio Caeté,15059650,ESCOLA ESTADUAL PADRE SALES,ENSINO FUNDAMENTAL ANOS FINAIS,0.0,3.0,0.3,0.0,0.0,,,,0.3
Capanema,Rio Caeté,15059677,ESCOLA ESTADUAL PROF OLIVEIRA BRITO,ENSINO FUNDAMENTAL ANOS FINAIS,0.0,0.0,0.0,0.0,0.5,,,,0.5
Capanema,Rio Caeté,15059820,ESCOLA ESTADUAL PROF JOSE NAZIAZENO MONTEIRO,ENSINO FUNDAMENTAL ANOS FINAIS,1.0,5.0,1.0,0.0,0.5,,,,2.5
Capanema,Rio Caeté,15060306,ESCOLA ESTADUAL PROF CESAR PINHEIRO,ENSINO FUNDAMENTAL ANOS FINAIS,1.0,4.0,1.0,0.0,0.5,,,,2.5
Capanema,Rio Caeté,15060438,ESCOLA ESTADUAL PROFA APOLONIA PINHEIRO DOS SANTOS,ENSINO FUNDAMENTAL ANOS FINAIS,1.0,5.0,1.0,0.0,0.5,,,,2.5
Capanema,Rio Caeté,15533255,ESCOLA ESTADUAL MESTRE LUCINDO,ENSINO FUNDAMENTAL ANOS FINAIS,0.0,0.0,0.0,0.0,0.5,,,,0.5
Capitão Poço,Rio Capim,15088154,ESCOLA ESTADUAL BELINA CAMPOS COUTINHO,ENSINO FUNDAMENTAL ANOS FINAIS,1.0,5.0,1.0,1.0,0.0,,,,3.0
Capitão Poço,Rio Capim,15088332,ESCOLA ESTADUAL DIONISIO HAGE,ENSINO FUNDAMENTAL ANOS FINAIS,1.0,4.0,1.0,0.0,0.5,,,,2.5
Capitão Poço,Rio Capim,15088375,ESCOLA ESTADUAL OSVALDO CRUZ,ENSINO FUNDAMENTAL ANOS FINAIS,1.0,6.0,0.6,0.0,0.5,,,,2.1
Capitão Poço,Rio Capim,15088383,ESCOLA ESTADUAL PE VITALIANO MARIA VARI,ENSINO FUNDAMENTAL ANOS FINAIS,1.0,4.0,1.0,0.0,0.5,,,,2.5
Capitão Poço,Rio Capim,15088464,ESCOLA ESTADUAL PROF TEREZINHA BEZERRA SIQUEIRA,ENSINO FUNDAMENTAL ANOS FINAIS,1.0,5.0,1.0,0.0,0.5,,,,2.5
Capitão Poço,Rio Capim,15148181,ESCOLA ESTADUAL ANTONIO VALDENIR ARAUJO DE LIMA,ENSINO FUNDAMENTAL ANOS FINAIS,0.0,0.0,0.0,0.0,0.0,,,,0.0
Castanhal,Guamá,15045447,ESCOLA ESTADUAL CIDADE DE DOM BOSCO,ENSINO FUNDAMENTAL ANOS FINAIS,0.0,2.0,0.5,0.0,0.5,,,,1.0
Castanhal,Guamá,15045471,ESCOLA ESTADUAL PADRE SALVADOR TRACCAIOLLI,ENSINO FUNDAMENTAL ANOS FINAIS,0.0,0.0,0.0,0.0,0.5,,,,0.5
Castanhal,Guamá,15045498,ESCOLA ESTADUAL PROF CLOTILDE PEREIRA,ENSINO FUNDAMENTAL ANOS FINAIS,0.0,2.0,0.5,0.0,0.5,,,,1.0
Castanhal,Guamá,15045552,ESCOLA ESTADUAL 28 DE JANEIRO,ENSINO FUNDAMENTAL ANOS FINAIS,0.0,0.0,0.0,0.0,0.0,,,,0.0
Castanhal,Guamá,15045587,ESCOLA ESTADUAL DR LAURENO ALVES DE MELO,ENSINO FUNDAMENTAL ANOS FINAIS,0.0,0.0,0.0,0.0,0.5,,,,0.5
Castanhal,Guamá,15045609,ESCOLA ESTADUAL NILZA NASCIMENTO,ENSINO FUNDAMENTAL ANOS FINAIS,0.0,4.0,1.0,1.0,0.5,,,,2.5
Castanhal,Guamá,15045641,ESCOLA ESTADUAL ROTARY CLUB DE CASTANHAL,ENSINO FUNDAMENTAL ANOS FINAIS,0.0,3.0,0.6,0.0,0.5,,,,1.1
Castanhal,Guamá,15045668,ESCOLA ESTADUAL ELCIONE THEREZINHA ZAHLUTH BARBALHO,ENSINO FUNDAMENTAL ANOS FINAIS,0.0,2.0,0.2,0.0,0.5,,,,0.7
Castanhal,Guamá,15046567,ESCOLA ESTADUAL MARIA PIA DOS SANTOS AMARAL,ENSINO FUNDAMENTAL ANOS FINAIS,0.0,0.0,0.0,0.0,0.0,,,,0.0
Castanhal,Guamá,15150585,ESCOLA ESTADUAL PROFA DEUSARINA DA SILVA RODRIGUES,ENSINO FUNDAMENTAL ANOS FINAIS,0.0,0.0,0.0,0.0,0.0,,,,0.0
Castanhal,Guamá,15561429,ESCOLA ESTADUAL MARIA DAS MERCES DE OLIVEIRA CONOR,ENSINO FUNDAMENTAL ANOS FINAIS,0.0,0.0,0.0,0.0,0.5,,,,0.5
Castanhal,Guamá,15588378,ESCOLA ESTADUAL JOSE SALLES,ENSINO FUNDAMENTAL ANOS FINAIS,0.0,0.0,0.0,0.0,0.5,,,,0.5
Colares,Guamá,15048462,ESCOLA ESTADUAL BARAO DE GUAJARA,ENSINO FUNDAMENTAL ANOS FINAIS,0.0,3.0,0.3,0.0,0.0,,,,0.3
Colares,Guamá,15048489,ESCOLA ESTADUAL DR JOSE MALCHER,ENSINO FUNDAMENTAL ANOS FINAIS,1.0,5.0,1.0,0.0,0.5,,,,2.5
Colares,Guamá,15048500,ESCOLA ESTADUAL PRINCESA LEOPOLDINA,ENSINO FUNDAMENTAL ANOS FINAIS,0.0,0.0,0.0,0.0,0.5,,,,0.5
Conceição do Ar,aAgraugauiaaia,15134547,ESCOLA ESTADUAL FREI GIL DE VILA NOVA,ENSINO FUNDAMENTAL ANOS FINAIS,0.0,4.0,1.0,0.0,0.5,,,,1.5
Conceição do Ar,aAgraugauiaaia,15134555,ESCOLA ESTADUAL PROF JOSE WILSON PEREIRA LEITE,ENSINO FUNDAMENTAL ANOS FINAIS,0.0,5.0,0.5,0.0,0.5,,,,1.0
Conceição do Ar,aAgraugauiaaia,15134571,ESCOLA ESTADUAL BRAULIA GURJAO,ENSINO FUNDAMENTAL ANOS FINAIS,0.0,6.0,0.6,1.0,0.5,,,,2.1
Conceição do Ar,aAgraugauiaaia,15140760,ESCOLA ESTADUAL PROF DEOCLECIANO ALVES MOREIRA,ENSINO FUNDAMENTAL ANOS FINAIS,1.0,0.0,0.0,1.0,0.5,,,,2.5
Curralinho,Marajó,15026680,ESCOLA ESTADUAL PRADO LOPES,ENSINO FUNDAMENTAL ANOS FINAIS,0.0,2.0,0.2,0.0,0.5,,,,0.7
Curuçá,Guamá,15048853,ESCOLA ESTADUAL MARIA HYLUISA PINTO FERREIRA,ENSINO FUNDAMENTAL ANOS FINAIS,0.0,0.0,0.0,0.0,0.0,,,,0.0
Curuçá,Guamá,15049043,ESCOLA ESTADUAL GONCALO FERREIRA,ENSINO FUNDAMENTAL ANOS FINAIS,0.0,0.0,0.0,0.0,0.0,,,,0.0
Curuçá,Guamá,15099881,ESCOLA ESTADUAL PROFA RAIMUNDA SENA DA SILVA,ENSINO FUNDAMENTAL ANOS FINAIS,0.0,0.0,0.0,0.0,0.0,,,,0.0
Faro,Baixo Amazonas,15000028,ESCOLA ESTADUAL MARCOS BENTES DE CARVALHO,ENSINO FUNDAMENTAL ANOS FINAIS,1.0,5.0,1.0,0.0,0.5,,,,2.5
Igarapé-Açu,Guamá,15060608,ESCOLA ESTADUAL JOSE ELIAS EMIN,ENSINO FUNDAMENTAL ANOS FINAIS,0.0,0.0,0.0,0.0,0.5,,,,0.5
Igarapé-Açu,Guamá,15060640,ESCOLA ESTADUAL ANTONIO ALVES RAMOS,ENSINO FUNDAMENTAL ANOS FINAIS,0.0,0.0,0.0,0.0,0.5,,,,0.5
Igarapé-Açu,Guamá,15060659,ESCOLA ESTADUAL CONEGO CALADO,ENSINO FUNDAMENTAL ANOS FINAIS,0.0,0.0,0.0,0.0,0.5,,,,0.5
Igarapé-Açu,Guamá,15060667,ESCOLA ESTADUAL DO CURI,ENSINO FUNDAMENTAL ANOS FINAIS,0.0,1.0,0.1,0.0,0.5,,,,0.6
Igarapé-Açu,Guamá,15060675,ESCOLA ESTADUAL DR ANGELO CESARINO,ENSINO FUNDAMENTAL ANOS FINAIS,1.0,5.0,1.0,0.0,0.5,,,,2.5
Igarapé-Açu,Guamá,15060683,ESCOLA ESTADUAL JOAO PAULO II,ENSINO FUNDAMENTAL ANOS FINAIS,1.0,5.0,1.0,1.0,0.5,,,,3.5
Igarapé-Açu,Guamá,15060705,ESCOLA ESTADUAL MACARIO FELIPE ANTONIO,ENSINO FUNDAMENTAL ANOS FINAIS,0.0,2.0,0.2,0.0,0.5,,,,0.7
Igarapé-Açu,Guamá,15061159,ESCOLA ESTADUAL JOAO BATISTA DE MOURA CARVALHO,ENSINO FUNDAMENTAL ANOS FINAIS,0.0,5.0,0.5,0.0,0.5,,,,1.0
Igarapé-Açu,Guamá,15156303,ESCOLA ESTADUAL PROF MARIA IONE HENRIQUE,ENSINO FUNDAMENTAL ANOS FINAIS,0.0,1.0,0.1,0.0,0.5,,,,0.6
Inhangapi,Guamá,15046710,ESCOLA ESTADUAL PROF ANTONIO MARCAL,ENSINO FUNDAMENTAL ANOS FINAIS,0.0,2.0,0.2,0.0,0.0,,,,0.2
Inhangapi,Guamá,15177386,ESCOLA ESTADUAL RURAL DE INHANGAPI,ENSINO FUNDAMENTAL ANOS FINAIS,0.0,0.0,0.0,0.0,0.0,,,,0.0
Irituia,Rio Capim,15090930,ESCOLA ESTADUAL MARIA DA CONCEICAO MALHEIROS,ENSINO FUNDAMENTAL ANOS FINAIS,0.0,1.0,0.1,0.0,0.5,,,,0.6
Irituia,Rio Capim,15091171,ESCOLA ESTADUAL NICOLAU NERES DA SILVA,ENSINO FUNDAMENTAL ANOS FINAIS,0.0,0.0,0.0,0.0,0.5,,,,0.5
Irituia,Rio Capim,15168999,ESCOLA ESTADUAL DEUZELITE OLIVEIRA DA COSTA,ENSINO FUNDAMENTAL ANOS FINAIS,0.0,0.0,0.0,0.0,0.5,,,,0.5
Irituia,Rio Capim,15542297,ESCOLA ESTADUAL ITABOCAL,ENSINO FUNDAMENTAL ANOS FINAIS,0.0,0.0,0.0,0.0,0.5,,,,0.5
Irituia,Rio Capim,15560260,ESCOLA ESTADUAL DE TESSALONICA,ENSINO FUNDAMENTAL ANOS FINAIS,0.0,0.0,0.0,0.0,0.5,,,,0.5
Juruti,Baixo Amazonas,15000265,ESCOLA ESTADUAL DEP AMERICO PEREIRA LIMA,ENSINO FUNDAMENTAL ANOS FINAIS,1.0,6.0,0.6,0.0,0.5,,,,2.1
Juruti,Baixo Amazonas,15000290,ESCOLA ESTADUAL NOSSA SENHORA DA SAUDE,ENSINO FUNDAMENTAL ANOS FINAIS,0.0,0.0,0.0,0.0,0.5,,,,0.5
Limoeiro do Ajur,uTocantins,15075109,ESCOLA ESTADUAL JERONIMO MILHOMEM TAVARES,ENSINO FUNDAMENTAL ANOS FINAIS,0.0,0.0,0.0,0.0,0.5,,,,0.5
Magalhães Bara,tGauamá,15049736,ESCOLA ESTADUAL MANOEL SABINO DA SILVA,ENSINO FUNDAMENTAL ANOS FINAIS,0.0,5.0,0.5,0.0,0.0,,,,0.5
Magalhães Bara,tGauamá,15049809,ESCOLA ESTADUAL PROF MANOEL JOAQUIM MONTEIRO,ENSINO FUNDAMENTAL ANOS FINAIS,0.0,5.0,0.5,0.0,0.5,,,,1.0
Magalhães Bara,tGauamá,15049957,ESCOLA ESTADUAL LAMEIRA BITTENCOURT,ENSINO FUNDAMENTAL ANOS FINAIS,0.0,0.0,0.0,0.0,0.0,,,,0.0
Marituba,Guajará,15034690,ESCOLA ESTADUAL PRESIDENTE DUTRA,ENSINO FUNDAMENTAL ANOS FINAIS,0.0,0.0,0.0,0.0,0.5,,,,0.5
Ourém,Rio Capim,15093581,ESCOLA ESTADUAL IRMA SANCHA AUGUSTA DE SOUZA E SILVA,ENSINO FUNDAMENTAL ANOS FINAIS,0.0,2.0,0.2,0.0,0.5,,,,0.7
Ourém,Rio Capim,15093620,ESCOLA ESTADUAL PADRE ANGELO MORETTI,ENSINO FUNDAMENTAL ANOS FINAIS,1.0,3.0,0.8,0.0,0.5,,,,2.3
Ponta de Pedras,Marajó,15031837,ESCOLA ESTADUAL DRA ESTER MOUTA,ENSINO FUNDAMENTAL ANOS FINAIS,0.0,0.0,0.0,0.0,0.5,,,,0.5
Primavera,Rio Caeté,15062244,ESCOLA ESTADUAL INOCENCIO SOARES,ENSINO FUNDAMENTAL ANOS FINAIS,0.0,0.0,0.0,0.0,0.5,,,,0.5
Quatipuru,Rio Caeté,15062520,ESCOLA ESTADUAL JOAO PAULO I,ENSINO FUNDAMENTAL ANOS FINAIS,1.0,6.0,0.6,0.0,0.5,,,,2.1
Quatipuru,Rio Caeté,15062538,ESCOLA ESTADUAL ANTONIO MORAES DO NASCIMENTO,ENSINO FUNDAMENTAL ANOS FINAIS,0.0,4.0,0.8,0.0,0.5,,,,1.3
Salinópolis,Rio Caeté,15052168,ESCOLA ESTADUAL DOM BOSCO,ENSINO FUNDAMENTAL ANOS FINAIS,1.0,5.0,1.0,0.0,0.5,,,,2.5
Salinópolis,Rio Caeté,15052184,ESCOLA ESTADUAL PADRE DUBOIS,ENSINO FUNDAMENTAL ANOS FINAIS,0.0,4.0,0.8,0.0,0.5,,,,1.3
Salinópolis,Rio Caeté,15052192,ESCOLA ESTADUAL PROF TEODATO DE REZENDE,ENSINO FUNDAMENTAL ANOS FINAIS,1.0,4.0,1.0,0.0,0.5,,,,2.5
Salinópolis,Rio Caeté,15052206,ESCOLA ESTADUAL TIRADENTES,ENSINO FUNDAMENTAL ANOS FINAIS,0.0,3.0,0.3,0.0,0.5,,,,0.8
Salinópolis,Rio Caeté,15052575,ESCOLA ESTADUAL ADRIANO SANTA BRIGIDA,ENSINO FUNDAMENTAL ANOS FINAIS,0.0,2.0,0.2,0.0,0.5,,,,0.7
Salinópolis,Rio Caeté,15145735,ESCOLA ESTADUAL EURIDES BRITO,ENSINO FUNDAMENTAL ANOS FINAIS,0.0,0.0,0.0,0.0,0.5,,,,0.5
Santa Bárbara d,oG Puaarjaárá,15044106,ESCOLA ESTADUAL COLONIA CHICANO,ENSINO FUNDAMENTAL ANOS FINAIS,0.0,0.0,0.0,0.0,0.5,,,,0.5
Santa Bárbara d,oG Puaarjaárá,15044122,ESCOLA ESTADUAL GENIPAUBA,ENSINO FUNDAMENTAL ANOS FINAIS,1.0,4.0,0.8,0.0,0.0,,,,1.8
Santa Bárbara d,oG Puaarjaárá,15044262,ESCOLA ESTADUAL SERGIO JOSE MACHADO,ENSINO FUNDAMENTAL ANOS FINAIS,1.0,4.0,1.0,0.0,0.5,,,,2.5
Santa Bárbara d,oG Puaarjaárá,15519392,ESCOLA ESTADUAL SANTA BARBARA,ENSINO FUNDAMENTAL ANOS FINAIS,0.0,0.0,0.0,0.0,0.5,,,,0.5
Santa Cruz do A,rMarairajó,15033406,ESCOLA ESTADUAL JOAO APOLINARIO BATISTA,ENSINO FUNDAMENTAL ANOS FINAIS,0.0,1.0,0.1,0.0,0.5,,,,0.6
Santa Maria das,ABraargreuiaraias,15136060,ESCOLA ESTADUAL CASTRO ALVES,ENSINO FUNDAMENTAL ANOS FINAIS,0.0,4.0,0.4,0.0,0.5,,,,0.9
Santa Maria do,PGauráamá,15062805,ESCOLA ESTADUAL JOAO BOTELHO DE SOUZA,ENSINO FUNDAMENTAL ANOS FINAIS,1.0,5.0,1.0,0.0,0.5,,,,2.5
Santa Maria do,PGauráamá,15062813,ESCOLA ESTADUAL MAGALHAES BARATA,ENSINO FUNDAMENTAL ANOS FINAIS,0.0,4.0,0.8,0.0,0.5,,,,1.3
Santa Maria do,PGauráamá,15062821,ESCOLA ESTADUAL PROF MARCOS NUNES,ENSINO FUNDAMENTAL ANOS FINAIS,0.0,0.0,0.0,0.0,0.0,,,,0.0
Santa Maria do,PGauráamá,15062848,ESCOLA ESTADUAL DR ARMANDO CORREA,ENSINO FUNDAMENTAL ANOS FINAIS,1.0,4.0,0.8,0.0,0.5,,,,2.3
Santa Maria do,PGauráamá,15062856,ESCOLA ESTADUAL JOAO GABRIEL DA SILVA,ENSINO FUNDAMENTAL ANOS FINAIS,0.0,0.0,0.0,0.0,0.5,,,,0.5
Santarém,Baixo Amazonas,15011321,ESCOLA ESTADUAL PROF ROMANA TAVARES LEAL,ENSINO FUNDAMENTAL ANOS FINAIS,1.0,4.0,1.0,1.0,0.5,,,,3.5
Santarém,Baixo Amazonas,15011356,ESCOLA ESTADUAL ALMIRANTE SOARES DUTRA,ENSINO FUNDAMENTAL ANOS FINAIS,1.0,4.0,1.0,0.0,0.5,,,,2.5
Santarém,Baixo Amazonas,15011380,ESCOLA ESTADUAL ANTONIO BATISTA BELO DE CARVALHO,ENSINO FUNDAMENTAL ANOS FINAIS,0.0,3.0,0.6,0.0,0.5,,,,1.1
Santarém,Baixo Amazonas,15011402,ESCOLA ESTADUAL BARAO DO TAPAJOS,ENSINO FUNDAMENTAL ANOS FINAIS,1.0,4.0,1.0,0.0,0.5,,,,2.5
Santarém,Baixo Amazonas,15011410,ESCOLA ESTADUAL NOSSA SENHORA DE GUADALUPE,ENSINO FUNDAMENTAL ANOS FINAIS,1.0,4.0,1.0,1.0,0.5,,,,3.5
Santarém,Baixo Amazonas,15011437,ESCOLA ESTADUAL PROF ALUISIO LOPES MARTINS,ENSINO FUNDAMENTAL ANOS FINAIS,0.0,3.0,0.3,0.0,0.5,,,,0.8
Santarém,Baixo Amazonas,15011526,ESCOLA ESTADUAL SAO FELIPE,ENSINO FUNDAMENTAL ANOS FINAIS,0.0,0.0,0.0,0.0,0.5,,,,0.5
Santarém,Baixo Amazonas,15011534,ESCOLA ESTADUAL PROF TEREZINHA DE JESUS RODRIGUES,ENSINO FUNDAMENTAL ANOS FINAIS,0.0,2.0,0.4,0.0,0.5,,,,0.9
Santarém,Baixo Amazonas,15011577,ESCOLA ESTADUAL FREI AMBROSIO,ENSINO FUNDAMENTAL ANOS FINAIS,1.0,4.0,1.0,0.0,0.5,,,,2.5
Santarém,Baixo Amazonas,15011585,ESCOLA ESTADUAL FREI OTHMAR,ENSINO FUNDAMENTAL ANOS FINAIS,0.0,0.0,0.0,0.0,0.5,,,,0.5
Santarém,Baixo Amazonas,15011593,ESCOLA ESTADUAL GONCALVES DIAS,ENSINO FUNDAMENTAL ANOS FINAIS,0.0,0.0,0.0,0.0,0.5,,,,0.5
Santarém,Baixo Amazonas,15011607,ESCOLA ESTADUAL JOSE DE ALENCAR,ENSINO FUNDAMENTAL ANOS FINAIS,1.0,4.0,1.0,0.0,0.5,,,,2.5
Santarém,Baixo Amazonas,15011623,ESCOLA ESTADUAL MADRE IMACULADA,ENSINO FUNDAMENTAL ANOS FINAIS,1.0,4.0,1.0,0.0,0.5,,,,2.5
Santarém,Baixo Amazonas,15011658,ESCOLA ESTADUAL NOSSA SENHORA APARECIDA,ENSINO FUNDAMENTAL ANOS FINAIS,0.0,0.0,0.0,0.0,0.5,,,,0.5
Santarém,Baixo Amazonas,15011666,ESCOLA ESTADUAL PEDRO ALVARES CABRAL,ENSINO FUNDAMENTAL ANOS FINAIS,1.0,4.0,1.0,0.0,0.5,,,,2.5
Santarém,Baixo Amazonas,15011690,ESCOLA ESTADUAL ONESIMA PEREIRA DE BARROS,ENSINO FUNDAMENTAL ANOS FINAIS,0.0,0.0,0.0,0.0,0.5,,,,0.5
Santarém,Baixo Amazonas,15011712,ESCOLA ESTADUAL RICHARD HENNINGTON,ENSINO FUNDAMENTAL ANOS FINAIS,0.0,0.0,0.0,0.0,0.5,,,,0.5
Santarém,Baixo Amazonas,15542475,ESCOLA ESTADUAL DOM TIAGO RYAN,ENSINO FUNDAMENTAL ANOS FINAIS,0.0,3.0,0.6,0.0,0.5,,,,1.1
Santarém,Baixo Amazonas,15551890,ESCOLA ESTADUAL RIO TAPAJOS,ENSINO FUNDAMENTAL ANOS FINAIS,0.0,0.0,0.0,0.0,0.5,,,,0.5
São Caetano de,GOudaivmeláas,15052761,ESCOLA ESTADUAL ROSA ROCHA ALMEIDA,ENSINO FUNDAMENTAL ANOS FINAIS,0.0,3.0,0.3,0.0,0.5,,,,0.8
São Domingos d,oG Cuaampiám,15094669,ESCOLA ESTADUAL PROF JONATHAS ATIAS,ENSINO FUNDAMENTAL ANOS FINAIS,0.0,0.0,0.0,0.0,0.5,,,,0.5
São Domingos d,oG Cuaampiám,15094693,ESCOLA ESTADUAL PROF VICENTINA SODRE DE ARAUJO,ENSINO FUNDAMENTAL ANOS FINAIS,0.0,3.0,0.3,0.0,0.5,,,,0.8
Soure,Marajó,15033651,ESCOLA ESTADUAL PROF GASPARINO BATISTA DA SILVA,ENSINO FUNDAMENTAL ANOS FINAIS,0.0,5.0,0.5,0.0,0.5,,,,1.0
Soure,Marajó,15033813,ESCOLA ESTADUAL STELLA MARIS,ENSINO FUNDAMENTAL ANOS FINAIS,1.0,5.0,1.0,0.0,0.5,,,,2.5
Terra Alta,Guamá,15049051,ESCOLA ESTADUAL INACIO PASSARINHO,ENSINO FUNDAMENTAL ANOS FINAIS,1.0,5.0,1.0,0.0,0.5,,,,2.5
Vigia,Guamá,15054357,ESCOLA ESTADUAL BARAO DO GUAJARA,ENSINO FUNDAMENTAL ANOS FINAIS,1.0,5.0,1.0,0.0,0.5,,,,2.5
Vigia,Guamá,15054365,ESCOLA ESTADUAL CASTILHO FRANCA,ENSINO FUNDAMENTAL ANOS FINAIS,0.0,4.0,0.4,0.0,0.5,,,,0.9
Vigia,Guamá,15054373,ESCOLA ESTADUAL PENHA LONGA,ENSINO FUNDAMENTAL ANOS FINAIS,1.0,7.0,0.7,0.0,0.5,,,,2.2
Vigia,Guamá,15054381,ESCOLA ESTADUAL PRESIDENTE KENNEDY,ENSINO FUNDAMENTAL ANOS FINAIS,1.0,5.0,1.0,0.0,0.0,,,,2.0
Vigia,Guamá,15054390,ESCOLA ESTADUAL PROFA ESTER NUNES BIBAS,ENSINO FUNDAMENTAL ANOS FINAIS,0.0,5.0,0.5,0.0,0.0,,,,0.5
Vigia,Guamá,15054888,ESCOLA ESTADUAL ATATEUA DA BARRETA,ENSINO FUNDAMENTAL ANOS FINAIS,0.0,0.0,0.0,0.0,0.5,,,,0.5
Vigia,Guamá,15138963,ESCOLA ESTADUAL SANTA ROSA,ENSINO FUNDAMENTAL ANOS FINAIS,0.0,0.0,0.0,0.0,0.5,,,,0.5
Faro,Baixo Amazonas,15000010,ESCOLA ESTADUAL SAO JOSE,ENSINO MEDIO,0.0,0.0,0.0,0.0,0.5,,,,0.5
Faro,Baixo Amazonas,15000036,ESCOLA ESTADUAL FLORA TEIXEIRA,ENSINO MEDIO,0.0,5.0,1.0,0.0,0.5,,,,1.5
Juruti,Baixo Amazonas,15000265,ESCOLA ESTADUAL DEP AMERICO PEREIRA LIMA,ENSINO MEDIO,0.0,0.0,0.0,0.0,0.5,,,,0.5
Juruti,Baixo Amazonas,15000281,ESCOLA ESTADUAL EMANUEL SALGADO VIEIRA,ENSINO MEDIO,1.0,5.0,1.0,0.0,0.5,,,,2.5
Óbidos,Baixo Amazonas,15001504,ESCOLA ESTADUAL SAO JOSE,ENSINO MEDIO,0.0,0.0,0.0,0.0,0.5,,,,0.5
Oriximiná,Baixo Amazonas,15002853,ESCOLA ESTADUAL PADRE JOSE NICOLINO DE SOUZA,ENSINO MEDIO,0.0,2.0,0.4,0.0,0.5,,,,0.9
Terra Santa,Baixo Amazonas,15004783,ESCOLA ESTADUAL ANTONIO CANDIDO MACHADO,ENSINO MEDIO,0.0,0.0,0.0,0.0,0.5,,,,0.5
Alenquer,Baixo Amazonas,15005100,ESCOLA ESTADUAL SANTO ANTONIO,ENSINO MEDIO,0.0,2.0,0.4,0.0,0.5,,,,0.9
Alenquer,Baixo Amazonas,15005151,ESCOLA ESTADUAL FULGENCIO SIMOES,ENSINO MEDIO,1.0,4.0,1.0,0.0,0.5,,,,2.5
Alenquer,Baixo Amazonas,15005186,ESCOLA ESTADUAL AMADEU BURLAMAQUI SIMOES,ENSINO MEDIO,0.0,2.0,0.2,0.0,0.5,,,,0.7
Monte Alegre,Baixo Amazonas,15007324,ESCOLA ESTADUAL PREFEITO CARIM MELEM,ENSINO MEDIO,0.0,3.0,0.8,0.0,0.5,,,,1.3
Monte Alegre,Baixo Amazonas,15007375,ESCOLA ESTADUAL FRANCISCO NOBRE DE ALMEIDA,ENSINO MEDIO,0.0,1.0,0.1,0.0,0.5,,,,0.6
Prainha,Baixo Amazonas,15009432,ESCOLA ESTADUAL PRETEXTATO DA COSTA ALVARENGA,ENSINO MEDIO,0.0,2.0,0.2,0.0,0.5,,,,0.7
Santarém,Baixo Amazonas,15011259,ESCOLA ESTADUAL SAO JOSE,ENSINO MEDIO,0.0,1.0,0.3,0.0,0.5,,,,0.8
Santarém,Baixo Amazonas,15011275,ESCOLA ESTADUAL SAO RAIMUNDO NONATO,ENSINO MEDIO,0.0,0.0,0.0,0.0,0.5,,,,0.5
Santarém,Baixo Amazonas,15011321,ESCOLA ESTADUAL PROF ROMANA TAVARES LEAL,ENSINO MEDIO,0.0,10.0,1.0,0.0,0.5,,,,1.5
Placas,Xingu,15011330,ESCOLA ESTADUAL PRESIDENTE TANCREDO NEVES,ENSINO MEDIO,0.0,3.0,0.3,0.0,0.5,,,,0.8
Santarém,Baixo Amazonas,15011356,ESCOLA ESTADUAL ALMIRANTE SOARES DUTRA,ENSINO MEDIO,0.0,4.0,1.0,0.0,0.5,,,,1.5
Santarém,Baixo Amazonas,15011372,ESCOLA ESTADUAL ALVARO ADOLFO DA SILVEIRA,ENSINO MEDIO,1.0,3.0,0.8,0.0,0.5,,,,2.3
Santarém,Baixo Amazonas,15011380,ESCOLA ESTADUAL ANTONIO BATISTA BELO DE CARVALHO,ENSINO MEDIO,0.0,5.0,1.0,0.0,0.5,,,,1.5
Santarém,Baixo Amazonas,15011410,ESCOLA ESTADUAL NOSSA SENHORA DE GUADALUPE,ENSINO MEDIO,0.0,2.0,0.5,0.0,0.5,,,,1.0
Santarém,Baixo Amazonas,15011437,ESCOLA ESTADUAL PROF ALUISIO LOPES MARTINS,ENSINO MEDIO,0.0,0.0,0.0,0.0,0.5,,,,0.5
Santarém,Baixo Amazonas,15011526,ESCOLA ESTADUAL SAO FELIPE,ENSINO MEDIO,1.0,4.0,1.0,0.0,0.5,,,,2.5
Santarém,Baixo Amazonas,15011534,ESCOLA ESTADUAL PROF TEREZINHA DE JESUS RODRIGUES,ENSINO MEDIO,0.0,1.0,0.2,0.0,0.5,,,,0.7
Santarém,Baixo Amazonas,15011542,ESCOLA ESTADUAL FELISBELO JAGUAR SUSSUARANA,ENSINO MEDIO,0.0,3.0,0.6,0.0,0.5,,,,1.1
Santarém,Baixo Amazonas,15011550,ESCOLA ESTADUAL EZERIEL MONICO DE MATOS,ENSINO MEDIO,1.0,8.0,0.8,0.0,0.5,,,,2.3
Santarém,Baixo Amazonas,15011577,ESCOLA ESTADUAL FREI AMBROSIO,ENSINO MEDIO,0.0,4.0,0.8,0.0,0.5,,,,1.3
Santarém,Baixo Amazonas,15011585,ESCOLA ESTADUAL FREI OTHMAR,ENSINO MEDIO,0.0,2.0,0.4,0.0,0.5,,,,0.9
Santarém,Baixo Amazonas,15011607,ESCOLA ESTADUAL JOSE DE ALENCAR,ENSINO MEDIO,0.0,1.0,0.2,0.0,0.5,,,,0.7
Santarém,Baixo Amazonas,15011615,ESCOLA ESTADUAL JULIA GONCALVES PASSARINHO,ENSINO MEDIO,0.0,0.0,0.0,0.0,0.5,,,,0.5
Santarém,Baixo Amazonas,15011623,ESCOLA ESTADUAL MADRE IMACULADA,ENSINO MEDIO,0.0,0.0,0.0,0.0,0.5,,,,0.5
Santarém,Baixo Amazonas,15011658,ESCOLA ESTADUAL NOSSA SENHORA APARECIDA,ENSINO MEDIO,0.0,0.0,0.0,0.0,0.5,,,,0.5
Santarém,Baixo Amazonas,15011666,ESCOLA ESTADUAL PEDRO ALVARES CABRAL,ENSINO MEDIO,1.0,4.0,1.0,0.0,0.5,,,,2.5
Santarém,Baixo Amazonas,15011674,ESCOLA ESTADUAL PLACIDO DE CASTRO,ENSINO MEDIO,1.0,5.0,1.0,0.0,0.5,,,,2.5
Santarém,Baixo Amazonas,15011690,ESCOLA ESTADUAL ONESIMA PEREIRA DE BARROS,ENSINO MEDIO,1.0,4.0,1.0,0.0,0.5,,,,2.5
Santarém,Baixo Amazonas,15011704,ESCOLA ESTADUAL PROFA MARIA UCHOA MARTINS,ENSINO MEDIO,1.0,4.0,1.0,0.0,0.5,,,,2.5
Santarém,Baixo Amazonas,15011739,ESCOLA ESTADUAL RODRIGUES DOS SANTOS,ENSINO MEDIO,0.0,0.0,0.0,0.0,0.5,,,,0.5
Santarém,Baixo Amazonas,15015270,ESCOLA ESTADUAL DIOCESANA SAO FRANCISCO,ENSINO MEDIO,1.0,3.0,0.8,1.0,0.5,,,,3.3
Belterra,Baixo Amazonas,15015785,ESCOLA ESTADUAL WALDEMAR MAUES,ENSINO MEDIO,0.0,1.0,0.2,0.0,0.5,,,,0.7
Mojuí dos Campos,Baixo Amazonas,15016668,ESCOLA ESTADUAL GOV FERNANDO GUILHON,ENSINO MEDIO,0.0,1.0,0.1,0.0,0.5,,,,0.6
Almeirim,BAIXO AMAZONAS,15016722,ESCOLA ESTADUAL FREI CONSTANCIO,ENSINO MEDIO,0.0,2.0,0.4,0.0,0.5,,,,0.9
Almeirim,BAIXO AMAZONAS,15017621,ESCOLA ESTADUAL PROF JOSE AGOSTINHO GUERRA,ENSINO MEDIO,0.0,4.0,0.8,0.0,0.5,,,,1.3
Porto de Moz,Xingu,15017893,ESCOLA ESTADUAL DOM PEDRO I,ENSINO MEDIO,1.0,3.0,0.8,0.0,0.5,,,,2.3
Bagre,Marajó,15018644,ESCOLA ESTADUAL JULIAO BERTOLDO DE CASTRO,ENSINO MEDIO,1.0,5.0,1.0,0.0,0.5,,,,2.5
Gurupá,Marajó,15019403,ESCOLA ESTADUAL MARCILIO DIAS,ENSINO MEDIO,1.0,5.0,1.0,0.0,0.0,,,,2.0
Melgaço,Marajó,15020282,ESCOLA ESTADUAL PRES TANCREDO DE ALMEIDA NEVES,ENSINO MEDIO,0.0,3.0,0.3,0.0,0.5,,,,0.8
Portel,Marajó,15021564,ESCOLA ESTADUAL PAULINO DE BRITO,ENSINO MEDIO,0.0,0.0,0.0,0.0,0.0,,,,0.0
Afuá,Marajó,15022617,ESCOLA ESTADUAL LEOPOLDINA GUERREIRO,ENSINO MEDIO,1.0,5.0,1.0,0.0,0.0,,,,2.0
Breves,Marajó,15024792,ESCOLA ESTADUAL PROFA MARIA ELIZETE FONA NUNES,ENSINO MEDIO,0.0,0.0,0.0,0.0,0.5,,,,0.5
Curralinho,Marajó,15026680,ESCOLA ESTADUAL PRADO LOPES,ENSINO MEDIO,0.0,2.0,0.2,0.0,0.0,,,,0.2
São Sebastião da Boa Vista,Marajó,15027635,ESCOLA ESTADUAL JOAO XXIII,ENSINO MEDIO,1.0,4.0,1.0,0.0,0.5,,,,2.5
Cachoeira do Arari,Marajó,15028526,ESCOLA ESTADUAL RETIRO GRANDE,ENSINO MEDIO,1.0,5.0,1.0,0.0,0.5,,,,2.5
Cachoeira do Arari,Marajó,15028577,ESCOLA ESTADUAL UMARIZAL,ENSINO MEDIO,1.0,4.0,1.0,1.0,0.5,,,,3.5
Cachoeira do Arari,Marajó,15028593,ESCOLA ESTADUAL DELGADO LEAO,ENSINO MEDIO,0.0,0.0,0.0,0.0,0.5,,,,0.5
Chaves,Marajó,15029220,ESCOLA ESTADUAL MAGALHAES BARATA,ENSINO MEDIO,0.0,3.0,0.6,0.0,0.5,,,,1.1
Ponta de Pedras,Marajó,15031837,ESCOLA ESTADUAL DRA ESTER MOUTA,ENSINO MEDIO,0.0,2.0,0.4,0.0,0.5,,,,0.9
Salvaterra,Marajó,15032744,ESCOLA ESTADUAL PROF ADEMAR NUNES VASCONCELOS,ENSINO MEDIO,0.0,4.0,0.4,0.0,0.0,,,,0.4
Santa Cruz do Arari,Marajó,15033406,ESCOLA ESTADUAL JOAO APOLINARIO BATISTA,ENSINO MEDIO,0.0,4.0,0.4,0.0,0.5,,,,0.9
Soure,Marajó,15033651,ESCOLA ESTADUAL PROF GASPARINO BATISTA DA SILVA,ENSINO MEDIO,0.0,6.0,0.6,0.0,0.5,,,,1.1
Soure,Marajó,15033724,ESCOLA ESTADUAL PROF EDDA DE SOUSA GONCALVES,ENSINO MEDIO,0.0,5.0,0.5,0.0,0.5,,,,1.0
Soure,Marajó,15033813,ESCOLA ESTADUAL STELLA MARIS,ENSINO MEDIO,0.0,1.0,0.2,0.0,0.5,,,,0.7
Ananindeua,Guajará,15033864,ESCOLA ESTADUAL NOVO HORIZONTE,ENSINO MEDIO,0.0,0.0,0.0,0.0,0.0,,,,0.0
Ananindeua,Guajará,15034046,ESCOLA ESTADUAL DOM ALBERTO GALDENCIO RAMOS,ENSINO MEDIO,0.0,1.0,0.1,0.0,0.0,,,,0.1
Ananindeua,Guajará,15034054,ESCOLA ESTADUAL PROF JOSE VALENTE RIBEIRO,ENSINO MEDIO,0.0,0.0,0.0,0.0,0.5,,,,0.5
Ananindeua,Guajará,15034143,ESCOLA ESTADUAL PRINCIPE DA PAZ,ENSINO MEDIO,0.0,4.0,0.8,0.0,0.0,,,,0.8
Ananindeua,Guajará,15034186,ESCOLA ESTADUAL MINISTRO ALCIDES CARNEIRO,ENSINO MEDIO,0.0,2.0,0.5,0.0,0.5,,,,1.0
Ananindeua,Guajará,15034364,ESCOLA ESTADUAL ONEIDE DE SOUZA TAVARES,ENSINO MEDIO,1.0,4.0,1.0,0.0,0.5,,,,2.5
Ananindeua,Guajará,15034372,ESCOLA ESTADUAL JOAO CARLOS BATISTA,ENSINO MEDIO,0.0,0.0,0.0,0.0,0.5,,,,0.5
Ananindeua,Guajará,15034399,ESCOLA ESTADUAL MADRE CELESTE,ENSINO MEDIO,0.0,2.0,0.5,0.0,0.5,,,,1.0
Ananindeua,Guajará,15034410,ESCOLA ESTADUAL ANTONIO TEIXEIRA GUEIROS,ENSINO MEDIO,0.0,2.0,0.4,0.0,0.5,,,,0.9
Marituba,Guajará,15034429,ESCOLA ESTADUAL FERNANDO FERRARI,ENSINO MEDIO,0.0,2.0,0.4,0.0,0.5,,,,0.9
Ananindeua,Guajará,15034445,ESCOLA ESTADUAL JOAQUIM VIANA,ENSINO MEDIO,0.0,1.0,0.2,0.0,0.5,,,,0.7
Marituba,Guajará,15034488,ESCOLA ESTADUAL PROF JOSE EDMUNDO QUEIROZ,ENSINO MEDIO,1.0,4.0,1.0,0.0,0.5,,,,2.5
Ananindeua,Guajará,15034496,ESCOLA ESTADUAL PROFA MARIA ARAUJO FIGUEIREDO,ENSINO MEDIO,0.0,1.0,0.2,0.0,0.5,,,,0.7
Ananindeua,Guajará,15034500,ESCOLA ESTADUAL PROFA REGINA COELI SOUZA SILVA,ENSINO MEDIO,,0.0,0.0,0.0,0.5,,,,0.5
Ananindeua,Guajará,15034569,ESCOLA ESTADUAL AGOSTINHO MONTEIRO,ENSINO MEDIO,0.0,0.0,0.0,0.0,0.5,,,,0.5
Ananindeua,Guajará,15034607,ESCOLA ESTADUAL JADERLANDIA,ENSINO MEDIO,0.0,4.0,0.8,0.0,0.5,,,,1.3
Ananindeua,Guajará,15034631,ESCOLA ESTADUAL JULIA SEFFER,ENSINO MEDIO,0.0,3.0,0.6,0.0,0.5,,,,1.1
Ananindeua,Guajará,15034640,ESCOLA ESTADUAL LUIZ NUNES DIREITO,ENSINO MEDIO,0.0,0.0,0.0,0.0,0.0,,,,0.0
Ananindeua,Guajará,15034674,ESCOLA ESTADUAL OSCARINA PENALBER,ENSINO MEDIO,0.0,4.0,0.8,0.0,0.5,,,,1.3
Belém,Guajará,15034739,ESCOLA ESTADUAL MARIA GABRIELA RAMOS DE OLIVEIRA,ENSINO MEDIO,0.0,2.0,0.4,0.0,0.0,,,,0.4
Ananindeua,Guajará,15034747,ESCOLA ESTADUAL RAMIRO OLAVO RIBEIRO DE CASTRO,ENSINO MEDIO,0.0,3.0,0.8,0.0,0.5,,,,1.3
Ananindeua,Guajará,15034755,ESCOLA ESTADUAL JOSE MARCELINO DE OLIVEIRA,ENSINO MEDIO,0.0,0.0,0.0,0.0,0.0,,,,0.0
Ananindeua,Guajará,15034763,ESCOLA ESTADUAL LUCY CORREA DE ARAUJO,ENSINO MEDIO,0.0,4.0,1.0,0.0,0.5,,,,1.5
Ananindeua,Guajará,15034771,ESCOLA ESTADUAL PRINCESA ISABEL - ATALAIA,ENSINO MEDIO,0.0,0.0,0.0,0.0,0.5,,,,0.5
Ananindeua,Guajará,15034780,ESCOLA ESTADUAL EROTILDES FROTA AGUIAR,ENSINO MEDIO,0.0,2.0,0.4,0.0,0.0,,,,0.4
Ananindeua,Guajará,15034836,ESCOLA ESTADUAL PROF ZULIMA VERGOLINO DIAS,ENSINO MEDIO,1.0,4.0,1.0,1.0,0.5,,,,3.5
Ananindeua,Guajará,15034844,ESCOLA ESTADUAL PROF ANTONIO GONDIM LINS,ENSINO MEDIO,0.0,0.0,0.0,0.0,0.0,,,,0.0
Ananindeua,Guajará,15034909,ESCOLA ESTADUAL WALTER BEZERRA FALCAO,ENSINO MEDIO,1.0,5.0,1.0,0.0,0.5,,,,2.5
Belém,Guajará,15035557,ESCOLA ESTADUAL RAINHA DA PAZ,ENSINO MEDIO,0.0,1.0,0.2,0.0,0.5,,,,0.7
Ananindeua,Guajará,15035581,ESCOLA ESTADUAL INSTITUTO BOM PASTOR,ENSINO MEDIO,0.0,4.0,1.0,0.0,0.5,,,,1.5
Ananindeua,Guajará,15035646,ESCOLA ESTADUAL CRISTO REDENTOR,ENSINO MEDIO,1.0,4.0,1.0,0.0,0.5,,,,2.5
Ananindeua,Guajará,15035662,ESCOLA ESTADUAL JORNALISTA ROMULO MAIORANA,ENSINO MEDIO,0.0,2.0,0.5,0.0,0.5,,,,1.0
Barcarena,Tocantins,15035735,ESCOLA ESTADUAL PADRE JOSE DELGARDES,ENSINO MEDIO,1.0,1.0,0.2,0.0,0.5,,,,1.7
Barcarena,Tocantins,15035867,ESCOLA ESTADUAL CONEGO BATISTA CAMPOS,ENSINO MEDIO,0.0,3.0,0.3,0.0,0.0,,,,0.3
Barcarena,Tocantins,15035891,ESCOLA ESTADUAL EDUARDO ANGELIM,ENSINO MEDIO,0.0,0.0,0.0,0.0,0.5,,,,0.5
Barcarena,Tocantins,15035921,ESCOLA ESTADUAL ACY DE JESUS BARROS PEREIRA - VILA SAO FRANCISCO,ENSINO MEDIO,0.0,0.0,0.0,0.0,0.5,,,,0.5
Barcarena,Tocantins,15035956,ESCOLA ESTADUAL JOSE MARIA DE MORAES,ENSINO MEDIO,0.0,1.0,0.2,0.0,0.5,,,,0.7
Barcarena,Tocantins,15035964,ESCOLA ESTADUAL PROF JOSE MARIA MACHADO,ENSINO MEDIO,0.0,0.0,0.0,0.0,0.0,,,,0.0
Barcarena,Tocantins,15037070,ESCOLA ESTADUAL PRESIDENTE DUTRA,ENSINO MEDIO,1.0,0.0,0.0,0.0,0.5,,,,1.5
Belém,Guajará,15037215,ESCOLA ESTADUAL PROF FRANCISCO DA SILVA NUNES,ENSINO MEDIO,0.0,1.0,0.1,0.0,0.5,,,,0.6
Belém,Guajará,15037991,ESCOLA ESTADUAL CONEGO BATISTA CAMPOS,ENSINO MEDIO,0.0,5.0,1.0,0.0,0.5,,,,1.5
Belém,Guajará,15038378,ESCOLA ESTADUAL PEDRO AMAZONAS PEDROSO,ENSINO MEDIO,0.0,2.0,0.4,0.0,0.5,,,,0.9
Belém,Guajará,15038505,ESCOLA ESTADUAL SANTA MARIA DE BELEM,ENSINO MEDIO,0.0,0.0,0.0,0.0,0.0,,,,0.0
Belém,Guajará,15038700,ESCOLA ESTADUAL VISCONDE DE SOUZA FRANCO,ENSINO MEDIO,0.0,4.0,1.0,0.0,0.5,,,,1.5
Belém,Guajará,15038769,ESCOLA ESTADUAL BARAO DE IGARAPE MIRI,ENSINO MEDIO,0.0,0.0,0.0,0.0,0.0,,,,0.0
Belém,Guajará,15039234,ESCOLA ESTADUAL PAULINO DE BRITO,ENSINO MEDIO,1.0,5.0,1.0,0.0,0.5,,,,2.5
Belém,Guajará,15039480,ESCOLA ESTADUAL ALEXANDRE ZACARIAS DE ASSUNCAO,ENSINO MEDIO,1.0,4.0,1.0,0.0,0.5,,,,2.5
Belém,Guajará,15039528,ESCOLA ESTADUAL ALDEBARO KLAUTAU,ENSINO MEDIO,1.0,4.0,1.0,0.0,0.5,,,,2.5
Belém,Guajará,15039552,ESCOLA ESTADUAL AMILCAR ALVES TUPIASSU,ENSINO MEDIO,0.0,1.0,0.1,0.0,0.0,,,,0.1
Belém,Guajará,15039587,ESCOLA ESTADUAL AUGUSTO MONTENEGRO,ENSINO MEDIO,0.0,5.0,0.5,0.0,0.5,,,,1.0
Belém,Guajará,15039609,ESCOLA ESTADUAL BENJAMIN CONSTANT,ENSINO MEDIO,0.0,4.0,1.0,0.0,0.5,,,,1.5
Belém,Guajará,15039625,ESCOLA ESTADUAL CORNELIO DE BARROS,ENSINO MEDIO,1.0,4.0,1.0,0.0,0.5,,,,2.5
Belém,Guajará,15039633,ESCOLA ESTADUAL ACACIO FELICIO SOBRAL,ENSINO MEDIO,1.0,4.0,1.0,0.0,0.5,,,,2.5
Belém,Guajará,15039641,ESCOLA ESTADUAL DEODORO DE MENDONCA,ENSINO MEDIO,0.0,0.0,0.0,0.0,0.0,,,,0.0
Belém,Guajará,15039650,ESCOLA ESTADUAL LAURO SODRE,ENSINO MEDIO,0.0,4.0,1.0,0.0,0.5,,,,1.5
Belém,Guajará,15039668,ESCOLA ESTADUAL ARTHUR PORTO,ENSINO MEDIO,0.0,0.0,0.0,0.0,0.5,,,,0.5
Belém,Guajará,15039676,ESCOLA ESTADUAL DR JUSTO CHERMONT,ENSINO MEDIO,0.0,0.0,0.0,0.0,0.0,,,,0.0
Belém,Guajará,15039684,ESCOLA ESTADUAL PADRE BENEDITO CHAVES,ENSINO MEDIO,0.0,0.0,0.0,0.0,0.5,,,,0.5
Belém,Guajará,15039706,ESCOLA ESTADUAL AUGUSTO OLIMPIO,ENSINO MEDIO,1.0,5.0,1.0,0.0,0.5,,,,2.5
Belém,Guajará,15039714,ESCOLA ESTADUAL DOM PEDRO II,ENSINO MEDIO,0.0,4.0,1.0,0.0,0.5,,,,1.5
Belém,Guajará,15039757,ESCOLA ESTADUAL PROFA PLACIDIA CARDOSO,ENSINO MEDIO,1.0,4.0,1.0,0.0,0.5,,,,2.5
Belém,Guajará,15039803,ESCOLA ESTADUAL PROF SANTANA MARQUES,ENSINO MEDIO,0.0,0.0,0.0,0.0,0.5,,,,0.5
Belém,Guajará,15039919,ESCOLA ESTADUAL DR FREITAS,ENSINO MEDIO,0.0,0.0,0.0,0.0,0.0,,,,0.0
Belém,Guajará,15039927,ESCOLA ESTADUAL DR MARIO CHERMONT,ENSINO MEDIO,1.0,4.0,1.0,0.0,0.5,,,,2.5
Belém,Guajará,15039935,ESCOLA ESTADUAL DUQUE DE CAXIAS,ENSINO MEDIO,1.0,4.0,1.0,0.0,0.5,,,,2.5
Belém,Guajará,15039951,ESCOLA ESTADUAL FREI DANIEL,ENSINO MEDIO,0.0,0.0,0.0,0.0,0.5,,,,0.5
Belém,Guajará,15040003,ESCOLA ESTADUAL JARBAS PASSARINHO - SOUZA,ENSINO MEDIO,1.0,5.0,1.0,0.0,0.0,,,,2.0
Belém,Guajará,15040011,ESCOLA ESTADUAL JARBAS PASSARINHO,ENSINO MEDIO,0.0,4.0,0.8,0.0,0.5,,,,1.3
Belém,Guajará,15040054,ESCOLA ESTADUAL JOSE VERISSIMO,ENSINO MEDIO,1.0,4.0,1.0,0.0,0.5,,,,2.5
Belém,Guajará,15040143,ESCOLA ESTADUAL S PROF CAMILO SALGADO,ENSINO MEDIO,0.0,0.0,0.0,0.0,0.0,,,,0.0
Belém,Guajará,15040291,ESCOLA ESTADUAL PROF RUTH ROSITA DE NAZARE GONZALES,ENSINO MEDIO,0.0,0.0,0.0,0.0,0.0,,,,0.0
Belém,Guajará,15040305,ESCOLA ESTADUAL BRIGADEIRO FONTENELLE,ENSINO MEDIO,0.0,2.0,0.4,0.0,0.5,,,,0.9
Belém,Guajará,15040313,ESCOLA ESTADUAL GRAZIELA MOURA RIBEIRO,ENSINO MEDIO,0.0,4.0,0.4,0.0,0.5,,,,0.9
Belém,Guajará,15040348,ESCOLA ESTADUAL AUGUSTO MEIRA,ENSINO MEDIO,0.0,3.0,0.8,0.0,0.5,,,,1.3
Belém,Guajará,15040356,ESCOLA ESTADUAL EDGAR PINHEIRO PORTO,ENSINO MEDIO,0.0,0.0,0.0,0.0,0.5,,,,0.5
Belém,Guajará,15040364,COLEGIO ESTADUAL PAES DE CARVALHO,ENSINO MEDIO,0.0,3.0,0.6,0.0,0.5,,,,1.1
Belém,Guajará,15040380,ESCOLA ESTADUAL DR ULYSSES GUIMARAES,ENSINO MEDIO,0.0,0.0,0.0,0.0,0.5,,,,0.5
Belém,Guajará,15040402,ESCOLA ESTADUAL JOSE ALVES MAIA,ENSINO MEDIO,0.0,0.0,0.0,0.0,0.0,,,,0.0
Belém,Guajará,15040429,ESCOLA ESTADUAL MAL CORDEIRO DE FARIAS,ENSINO MEDIO,1.0,4.0,1.0,0.0,0.5,,,,2.5
Belém,Guajará,15040437,ESCOLA ESTADUAL MANOEL DE JESUS MORAES,ENSINO MEDIO,0.0,0.0,0.0,0.0,0.5,,,,0.5
Belém,Guajará,15040461,ESCOLA ESTADUAL PRESIDENTE COSTA E SILVA,ENSINO MEDIO,1.0,5.0,1.0,0.0,0.5,,,,2.5
Belém,Guajará,15040470,ESCOLA ESTADUAL PROF ACY DE JESUS BARROS PEREIRA,ENSINO MEDIO,0.0,4.0,0.4,0.0,0.5,,,,0.9
Belém,Guajará,15040526,ESCOLA ESTADUAL PROF TEMISTOCLES DE ARAUJO,ENSINO MEDIO,0.0,2.0,0.5,0.0,0.5,,,,1.0
Belém,Guajará,15040534,ESCOLA ESTADUAL RODRIGUES PINAGE,ENSINO MEDIO,0.0,0.0,0.0,0.0,0.5,,,,0.5
Belém,Guajará,15040569,ESCOLA ESTADUAL TEODORA BENTES,ENSINO MEDIO,0.0,0.0,0.0,0.0,0.5,,,,0.5
Belém,Guajará,15041387,ESCOLA ESTADUAL SALESIANA DO TRABALHO,ENSINO MEDIO,0.0,0.0,0.0,0.0,0.5,,,,0.5
Belém,Guajará,15041794,INSTITUTO DE EDUCACAO DO ESTADO DO PARA,ENSINO MEDIO,0.0,2.0,0.4,0.0,0.5,,,,0.9
Belém,Guajará,15042324,ESCOLA ESTADUAL PROF PALMIRA GABRIEL,ENSINO MEDIO,0.0,2.0,0.4,0.0,0.5,,,,0.9
Belém,Guajará,15042529,ESCOLA ESTADUAL PADRE FRANCISCO BERTON,ENSINO MEDIO,0.0,2.0,0.2,0.0,0.5,,,,0.7
Belém,Guajará,15042570,ESCOLA ESTADUAL CIDADE DE EMAUS,ENSINO MEDIO,0.0,2.0,0.2,0.0,0.0,,,,0.2
Belém,Guajará,15042626,ESCOLA ESTADUAL NOSSA SENHORA DO CARMO,ENSINO MEDIO,1.0,5.0,1.0,0.0,0.5,,,,2.5
Belém,Guajará,15042650,ESCOLA ESTADUAL MARIA ANTONIETA SERRA FREIRE,ENSINO MEDIO,0.0,1.0,0.1,0.0,0.5,,,,0.6
Belém,Guajará,15042677,ESCOLA ESTADUAL BRASILIA,ENSINO MEDIO,0.0,0.0,0.0,0.0,0.5,,,,0.5
Belém,Guajará,15042804,ESCOLA ESTADUAL SUBOFICIAL EDVALDO BRANDAO DE JESUS,ENSINO MEDIO,0.0,1.0,0.2,0.0,0.5,,,,0.7
Belém,Guajará,15042820,ESCOLA ESTADUAL CEL SARMENTO,ENSINO MEDIO,0.0,0.0,0.0,0.0,0.0,,,,0.0
Belém,Guajará,15042855,ESCOLA ESTADUAL DONA HELENA GUILHON,ENSINO MEDIO,1.0,4.0,1.0,0.0,0.5,,,,2.5
Belém,Guajará,15042863,ESCOLA ESTADUAL IZABEL DOS SANTOS DIAS,ENSINO MEDIO,0.0,2.0,0.2,0.0,0.5,,,,0.7
Belém,Guajará,15042880,ESCOLA ESTADUAL PROF PORANGA JUCA,ENSINO MEDIO,0.0,2.0,0.4,0.0,0.0,,,,0.4
Belém,Guajará,15042898,ESCOLA ESTADUAL PROFA DILMA DE SOUZA CATTETE,ENSINO MEDIO,1.0,4.0,1.0,1.0,0.5,,,,3.5
Belém,Guajará,15042928,ESCOLA ESTADUAL AVERTANO ROCHA,ENSINO MEDIO,0.0,5.0,1.0,0.0,0.5,,,,1.5
Belém,Guajará,15042936,ESCOLA ESTADUAL DR PAULO FONTELLES DE LIMA,ENSINO MEDIO,0.0,3.0,0.3,0.0,0.5,,,,0.8
Belém,Guajará,15042944,ESCOLA ESTADUAL PROFA MARIA LUIZA DA COSTA REGO,ENSINO MEDIO,0.0,0.0,0.0,0.0,0.5,,,,0.5
Belém,Guajará,15043304,ESCOLA ESTADUAL HONORATO FILGUEIRAS,ENSINO MEDIO,1.0,4.0,1.0,0.0,0.5,,,,2.5
Belém,Guajará,15043320,ESCOLA ESTADUAL PROF ABELARDO LEAO CONDURU,ENSINO MEDIO,0.0,4.0,0.8,0.0,0.5,,,,1.3
Belém,Guajará,15043517,ESCOLA ESTADUAL PROF RENATO PINHEIRO CONDURU,ENSINO MEDIO,1.0,4.0,1.0,0.0,0.5,,,,2.5
Belém,Guajará,15043525,ESCOLA ESTADUAL EUNICE WEAVER,ENSINO MEDIO,0.0,2.0,0.2,0.0,0.5,,,,0.7
Belém,Guajará,15043568,ESCOLA ESTADUAL DOM PEDRO I,ENSINO MEDIO,1.0,4.0,1.0,0.0,0.5,,,,2.5
Marituba,Guajará,15043630,ESCOLA ESTADUAL SANTA TEREZA DAVILA,ENSINO MEDIO,0.0,0.0,0.0,0.0,0.5,,,,0.5
Benevides,Guajará,15043720,ESCOLA ESTADUAL PROF ANA TELES,ENSINO MEDIO,0.0,0.0,0.0,0.0,0.5,,,,0.5
Benevides,Guajará,15043789,ESCOLA ESTADUAL DR OTAVIO MEIRA,ENSINO MEDIO,0.0,2.0,0.5,0.0,0.5,,,,1.0
Marituba,Guajará,15043967,ESCOLA ESTADUAL DOM CALABRIA,ENSINO MEDIO,0.0,0.0,0.0,0.0,0.5,,,,0.5
Benevides,Guajará,15043983,ESCOLA ESTADUAL JOAO BATISTA DE MOURA CARVALHO,ENSINO MEDIO,0.0,2.0,0.2,0.0,0.5,,,,0.7
Santa Bárbara do Pará,Guajará,15044114,ESCOLA ESTADUAL DR PADUA COSTA,ENSINO MEDIO,0.0,0.0,0.0,0.0,0.5,,,,0.5
Santa Bárbara do Pará,Guajará,15044122,ESCOLA ESTADUAL GENIPAUBA,ENSINO MEDIO,0.0,0.0,0.0,0.0,0.0,,,,0.0
Bujaru,Rio Capim,15044327,ESCOLA ESTADUAL DOM MARIO DE MIRANDA VILAS BOAS,ENSINO MEDIO,0.0,0.0,0.0,0.0,0.0,,,,0.0
Castanhal,Guamá,15045463,ESCOLA ESTADUAL JOSE HENRIQUE,ENSINO MEDIO,0.0,0.0,0.0,0.0,0.5,,,,0.5
Castanhal,Guamá,15045471,ESCOLA ESTADUAL PADRE SALVADOR TRACCAIOLLI,ENSINO MEDIO,0.0,1.0,0.1,0.0,0.0,,,,0.1
Castanhal,Guamá,15045480,ESCOLA ESTADUAL BENICIO LOPES,ENSINO MEDIO,0.0,0.0,0.0,0.0,0.0,,,,0.0
Castanhal,Guamá,15045498,ESCOLA ESTADUAL PROF CLOTILDE PEREIRA,ENSINO MEDIO,0.0,2.0,0.4,0.0,0.5,,,,0.9
Castanhal,Guamá,15045552,ESCOLA ESTADUAL 28 DE JANEIRO,ENSINO MEDIO,0.0,1.0,0.1,0.0,0.0,,,,0.1
Castanhal,Guamá,15045560,ESCOLA ESTADUAL CONEGO LEITAO,ENSINO MEDIO,0.0,2.0,0.4,0.0,0.5,,,,0.9
Castanhal,Guamá,15045587,ESCOLA ESTADUAL DR LAURENO ALVES DE MELO,ENSINO MEDIO,0.0,0.0,0.0,0.0,0.5,,,,0.5
Castanhal,Guamá,15045650,ESCOLA ESTADUAL LAMEIRA BITTENCOURT,ENSINO MEDIO,0.0,1.0,0.2,0.0,0.0,,,,0.2
Castanhal,Guamá,15045668,ESCOLA ESTADUAL ELCIONE THEREZINHA ZAHLUTH BARBALHO,ENSINO MEDIO,0.0,0.0,0.0,0.0,0.5,,,,0.5
Castanhal,Guamá,15046567,ESCOLA ESTADUAL MARIA PIA DOS SANTOS AMARAL,ENSINO MEDIO,0.0,0.0,0.0,0.0,0.0,,,,0.0
Santa Izabel do Pará,Guamá,15047040,ESCOLA ESTADUAL ANTONIO LEMOS,ENSINO MEDIO,0.0,3.0,0.6,0.0,0.0,,,,0.6
Santa Izabel do Pará,Guamá,15047423,ESCOLA ESTADUAL MAGALHAES BARATA,ENSINO MEDIO,0.0,4.0,0.8,0.0,0.5,,,,1.3
Santo Antônio do Tauá,Guamá,15047849,ESCOLA ESTADUAL INACIO MOURA,ENSINO MEDIO,0.0,2.0,0.2,0.0,0.5,,,,0.7
Colares,Guamá,15048462,ESCOLA ESTADUAL BARAO DE GUAJARA,ENSINO MEDIO,0.0,1.0,0.1,0.0,0.5,,,,0.6
Colares,Guamá,15048470,ESCOLA ESTADUAL NORMA GUILHON,ENSINO MEDIO,0.0,2.0,0.4,0.0,0.5,,,,0.9
Colares,Guamá,15048500,ESCOLA ESTADUAL PRINCESA LEOPOLDINA,ENSINO MEDIO,0.0,4.0,0.4,0.0,0.5,,,,0.9
Colares,Guamá,15048543,ESCOLA ESTADUAL MAGALHAES BARATA,ENSINO MEDIO,1.0,10.0,1.0,1.0,0.5,,,,3.5
Colares,Guamá,15048560,ESCOLA ESTADUAL LUCIOLA BRASIL,ENSINO MEDIO,0.0,1.0,0.1,0.0,0.0,,,,0.1
Curuçá,Guamá,15048888,ESCOLA ESTADUAL PROF OLINDA VERAS ALVES,ENSINO MEDIO,0.0,0.0,0.0,0.0,0.5,,,,0.5
Terra Alta,Guamá,15048993,ESCOLA ESTADUAL AUGUSTO RAMOS PINHEIROS,ENSINO MEDIO,0.0,0.0,0.0,0.0,0.0,,,,0.0
Curuçá,Guamá,15049043,ESCOLA ESTADUAL GONCALO FERREIRA,ENSINO MEDIO,0.0,5.0,0.5,0.0,0.5,,,,1.0
Terra Alta,Guamá,15049051,ESCOLA ESTADUAL INACIO PASSARINHO,ENSINO MEDIO,1.0,5.0,1.0,0.0,0.0,,,,2.0
Curuçá,Guamá,15049396,ESCOLA ESTADUAL ABEL OVIDIO DE CAMPOS,ENSINO MEDIO,0.0,0.0,0.0,0.0,0.0,,,,0.0
Magalhães Barata,Guamá,15049736,ESCOLA ESTADUAL MANOEL SABINO DA SILVA,ENSINO MEDIO,0.0,0.0,0.0,0.0,0.0,,,,0.0
Magalhães Barata,Guamá,15049809,ESCOLA ESTADUAL PROF MANOEL JOAQUIM MONTEIRO,ENSINO MEDIO,0.0,8.0,0.8,0.0,0.0,,,,0.8
Magalhães Barata,Guamá,15049957,ESCOLA ESTADUAL LAMEIRA BITTENCOURT,ENSINO MEDIO,0.0,0.0,0.0,0.0,0.5,,,,0.5
Maracanã,Guamá,15050149,ESCOLA ESTADUAL PRESIDENTE KENNEDY,ENSINO MEDIO,0.0,4.0,0.4,0.0,0.0,,,,0.4
Marapanim,Guamá,15051552,ESCOLA ESTADUAL REMIGIO FERNANDES,ENSINO MEDIO,0.0,0.0,0.0,0.0,0.0,,,,0.0
Salinópolis,Rio Caeté,15052150,ESCOLA ESTADUAL PROFA ARACY ALVES DIAS,ENSINO MEDIO,0.0,0.0,0.0,0.0,0.0,,,,0.0
Salinópolis,Rio Caeté,15052168,ESCOLA ESTADUAL DOM BOSCO,ENSINO MEDIO,0.0,3.0,0.6,0.0,0.5,,,,1.1
Salinópolis,Rio Caeté,15052192,ESCOLA ESTADUAL PROF TEODATO DE REZENDE,ENSINO MEDIO,0.0,1.0,0.1,0.0,0.5,,,,0.6
Salinópolis,Rio Caeté,15052222,ESCOLA ESTADUAL DR MIGUEL DE SANTA BRIGIDA,ENSINO MEDIO,0.0,2.0,0.4,0.0,0.5,,,,0.9
São Caetano de Odivelas,Guamá,15052737,ESCOLA ESTADUAL DESEMBARGADOR OSVALDO BRITO DE FARIAS,ENSINO MEDIO,0.0,5.0,1.0,0.0,0.5,,,,1.5
São Caetano de Odivelas,Guamá,15052761,ESCOLA ESTADUAL ROSA ROCHA ALMEIDA,ENSINO MEDIO,0.0,0.0,0.0,0.0,0.5,,,,0.5
São João da Ponta,Guamá,15053440,ESCOLA ESTADUAL PROF ANTONIA ROSA,ENSINO MEDIO,0.0,6.0,0.6,0.0,0.0,,,,0.6
São João de Pirabas,Rio Caeté,15053482,ESCOLA ESTADUAL FRANCISCO DA SILVA NUNES,ENSINO MEDIO,0.0,2.0,0.2,0.0,0.5,,,,0.7
Vigia,Guamá,15054373,ESCOLA ESTADUAL PENHA LONGA,ENSINO MEDIO,0.0,4.0,0.4,0.0,0.5,,,,0.9
Vigia,Guamá,15054381,ESCOLA ESTADUAL PRESIDENTE KENNEDY,ENSINO MEDIO,0.0,2.0,0.2,0.0,0.0,,,,0.2
Vigia,Guamá,15054420,ESCOLA ESTADUAL BERTOLDO NUNES,ENSINO MEDIO,0.0,4.0,1.0,1.0,0.5,,,,2.5
Vigia,Guamá,15054870,ESCOLA ESTADUAL TAURIANO GIL DE SOUSA,ENSINO MEDIO,1.0,6.0,0.6,0.0,0.0,,,,1.6
Vigia,Guamá,15054888,ESCOLA ESTADUAL ATATEUA DA BARRETA,ENSINO MEDIO,0.0,3.0,0.3,0.0,0.5,,,,0.8
Augusto Corrêa,Rio Caeté,15054900,ESCOLA ESTADUAL PROF GALVAO,ENSINO MEDIO,0.0,0.0,0.0,0.0,0.5,,,,0.5
Augusto Corrêa,Rio Caeté,15055582,ESCOLA ESTADUAL ANDRE ALVES,ENSINO MEDIO,0.0,5.0,0.5,0.0,0.5,,,,1.0
Augusto Corrêa,Rio Caeté,15055906,ESCOLA ESTADUAL EMILIANO PICANCO DA COSTA,ENSINO MEDIO,1.0,5.0,1.0,0.0,0.5,,,,2.5
Bonito,Rio Caeté,15056007,ESCOLA ESTADUAL CHARLES ASSAD,ENSINO MEDIO,1.0,5.0,1.0,1.0,0.5,,,,3.5
Bragança,Rio Caeté,15056783,ESCOLA ESTADUAL LUIZ PAULINO MARTIRES,ENSINO MEDIO,0.0,1.0,0.2,0.0,0.5,,,,0.7
Bragança,Rio Caeté,15056791,ESCOLA ESTADUAL MANOEL JULIAO GARCIA CASTANHO,ENSINO MEDIO,0.0,0.0,0.0,0.0,0.5,,,,0.5
Bragança,Rio Caeté,15056813,ESCOLA ESTADUAL PROF BOLIVAR BORDALLO DA SILVA,ENSINO MEDIO,0.0,0.0,0.0,0.0,0.5,,,,0.5
Bragança,Rio Caeté,15056929,ESCOLA ESTADUAL PROFA ARGENTINA PEREIRA,ENSINO MEDIO,0.0,0.0,0.0,0.0,0.5,,,,0.5
Bragança,Rio Caeté,15057127,ESCOLA ESTADUAL MARIO QUEIROZ DO ROSARIO,ENSINO MEDIO,1.0,5.0,1.0,0.0,0.5,,,,2.5
Bragança,Rio Caeté,15057135,ESCOLA ESTADUAL MONSENHOR MANCIO RIBEIRO,ENSINO MEDIO,0.0,3.0,0.3,0.0,0.0,,,,0.3
Bragança,Rio Caeté,15057194,ESCOLA ESTADUAL PROF YOLANDA CHAVES,ENSINO MEDIO,0.0,4.0,0.8,0.0,0.5,,,,1.3
Bragança,Rio Caeté,15057224,ESCOLA ESTADUAL GERMANO GARCIA,ENSINO MEDIO,0.0,0.0,0.0,0.0,0.0,,,,0.0
Bragança,Rio Caeté,15057259,ESCOLA ESTADUAL LEANDRO LOBAO DA SILVEIRA,ENSINO MEDIO,0.0,4.0,0.8,0.0,0.5,,,,1.3
Bragança,Rio Caeté,15057267,ESCOLA ESTADUAL PROF MARIA DE NAZARE CEZAR PINHEIRO,ENSINO MEDIO,0.0,1.0,0.1,0.0,0.0,,,,0.1
Tracuateua,Rio Caeté,15057283,ESCOLA ESTADUAL MARILDA FIGUEIREDO NUNES,ENSINO MEDIO,1.0,5.0,1.0,0.0,0.5,,,,2.5
Bragança,Rio Caeté,15057291,ESCOLA ESTADUAL PATALINO,ENSINO MEDIO,0.0,0.0,0.0,0.0,0.5,,,,0.5
Bragança,Rio Caeté,15057305,ESCOLA ESTADUAL PADRE LUIZ GONZAGA,ENSINO MEDIO,0.0,3.0,0.8,0.0,0.5,,,,1.3
Bragança,Rio Caeté,15058786,ESCOLA ESTADUAL DOMINGAS DA COSTA SOUSA,ENSINO MEDIO,0.0,2.0,0.2,0.0,0.5,,,,0.7
Bragança,Rio Caeté,15058832,ESCOLA ESTADUAL ALBINO CARDOSO,ENSINO MEDIO,1.0,8.0,0.8,0.0,0.5,,,,2.3
Tracuateua,Rio Caeté,15059260,ESCOLA ESTADUAL CEL PINHEIRO JUNIOR,ENSINO MEDIO,0.0,1.0,0.1,0.0,0.5,,,,0.6
Capanema,Rio Caeté,15059588,ESCOLA ESTADUAL PROFA MARIA AMELIA DE VASCONCELOS,ENSINO MEDIO,0.0,2.0,0.5,0.0,0.5,,,,1.0
Capanema,Rio Caeté,15059626,ESCOLA ESTADUAL PROFA AMERICA LEAO CONDURU,ENSINO MEDIO,0.0,3.0,0.6,0.0,0.5,,,,1.1
Capanema,Rio Caeté,15059634,ESCOLA ESTADUAL DOM JOAO VI,ENSINO MEDIO,1.0,4.0,1.0,1.0,0.5,,,,3.5
Capanema,Rio Caeté,15059642,ESCOLA ESTADUAL JOAO SANTOS,ENSINO MEDIO,1.0,5.0,1.0,0.0,0.5,,,,2.5
Capanema,Rio Caeté,15059650,ESCOLA ESTADUAL PADRE SALES,ENSINO MEDIO,1.0,5.0,1.0,0.0,0.0,,,,2.0
Capanema,Rio Caeté,15059677,ESCOLA ESTADUAL PROF OLIVEIRA BRITO,ENSINO MEDIO,0.0,4.0,0.8,0.0,0.5,,,,1.3
Capanema,Rio Caeté,15059731,ESCOLA ESTADUAL PROFA MARIA MIRTES SIDRIM PESSOA,ENSINO MEDIO,0.0,2.0,0.4,0.0,0.5,,,,0.9
Capanema,Rio Caeté,15060306,ESCOLA ESTADUAL PROF CESAR PINHEIRO,ENSINO MEDIO,1.0,5.0,1.0,0.0,0.5,,,,2.5
Capanema,Rio Caeté,15060438,ESCOLA ESTADUAL PROFA APOLONIA PINHEIRO DOS SANTOS,ENSINO MEDIO,1.0,5.0,0.5,0.0,0.5,,,,2.0
Igarapé-Açu,Guamá,15060608,ESCOLA ESTADUAL JOSE ELIAS EMIN,ENSINO MEDIO,0.0,0.0,0.0,0.0,0.5,,,,0.5
Igarapé-Açu,Guamá,15060659,ESCOLA ESTADUAL CONEGO CALADO,ENSINO MEDIO,0.0,0.0,0.0,0.0,0.0,,,,0.0
Igarapé-Açu,Guamá,15060721,ESCOLA ESTADUAL FREI DANIEL DE SAMARATE,ENSINO MEDIO,0.0,2.0,0.2,0.0,0.5,,,,0.7
Igarapé-Açu,Guamá,15060730,ESCOLA ESTADUAL NILO DE OLIVEIRA,ENSINO MEDIO,0.0,5.0,1.0,0.0,0.5,,,,1.5
Igarapé-Açu,Guamá,15061159,ESCOLA ESTADUAL JOAO BATISTA DE MOURA CARVALHO,ENSINO MEDIO,0.0,4.0,0.4,0.0,0.5,,,,0.9
Nova Timboteua,Rio Caeté,15061310,ESCOLA ESTADUAL DES AUGUSTO OLIMPIO,ENSINO MEDIO,1.0,5.0,1.0,0.0,0.5,,,,2.5
Peixe-Boi,Rio Caeté,15061876,ESCOLA ESTADUAL JONATHAS PONTES ATHIAS,ENSINO MEDIO,0.0,5.0,1.0,0.0,0.5,,,,1.5
Primavera,Rio Caeté,15062201,ESCOLA ESTADUAL MANOEL LOBATO,ENSINO MEDIO,1.0,4.0,1.0,0.0,0.5,,,,2.5
Quatipuru,Rio Caeté,15062503,ESCOLA ESTADUAL MARIA ALICE GEOLAS MOURA CARVALHO,ENSINO MEDIO,1.0,4.0,1.0,0.0,0.5,,,,2.5
Quatipuru,Rio Caeté,15062520,ESCOLA ESTADUAL JOAO PAULO I,ENSINO MEDIO,1.0,5.0,1.0,0.0,0.5,,,,2.5
Santa Maria do Pará,Guamá,15062767,ESCOLA ESTADUAL SEVERIANO BENEDITO DE SOUZA,ENSINO MEDIO,0.0,2.0,0.4,0.0,0.5,,,,0.9
Santa Maria do Pará,Guamá,15062821,ESCOLA ESTADUAL PROF MARCOS NUNES,ENSINO MEDIO,0.0,1.0,0.1,0.0,0.0,,,,0.1
Santa Maria do Pará,Guamá,15062856,ESCOLA ESTADUAL JOAO GABRIEL DA SILVA,ENSINO MEDIO,0.0,0.0,0.0,0.0,0.0,,,,0.0
Santarém Novo,Rio Caeté,15063615,ESCOLA ESTADUAL ROSA CARRERA LOUREIRO AQUINO,ENSINO MEDIO,0.0,4.0,0.8,0.0,0.5,,,,1.3
São Francisco do Pará,Guamá,15063879,ESCOLA ESTADUAL PROFA MARIA DA CONCEICAO GOMES DE SOUZA,ENSINO MEDIO,0.0,1.0,0.1,0.0,0.0,,,,0.1
Abaetetuba,Tocantins,15064280,ESCOLA ESTADUAL SAO FRANCISCO XAVIER,ENSINO MEDIO,1.0,4.0,1.0,1.0,0.5,,,,3.5
Abaetetuba,Tocantins,15064360,ESCOLA ESTADUAL PROF BERNARDINO PEREIRA DE BARROS,ENSINO MEDIO,1.0,4.0,1.0,0.0,0.5,,,,2.5
Abaetetuba,Tocantins,15064417,ESCOLA ESTADUAL PROF CARMEM CARDOSO FERREIRA,ENSINO MEDIO,0.0,0.0,0.0,0.0,0.0,,,,0.0
Abaetetuba,Tocantins,15064450,ESCOLA ESTADUAL PROF BASILIO DE CARVALHO,ENSINO MEDIO,1.0,7.0,0.7,0.0,0.5,,,,2.2
Abaetetuba,Tocantins,15064514,ESCOLA ESTADUAL TEREZINHA DE JESUS F LIMA,ENSINO MEDIO,0.0,0.0,0.0,0.0,0.5,,,,0.5
Abaetetuba,Tocantins,15064646,ESCOLA ESTADUAL PEDRO TEIXEIRA,ENSINO MEDIO,0.0,4.0,0.4,0.0,0.5,,,,0.9
Abaetetuba,Tocantins,15064654,ESCOLA ESTADUAL PROF LEONARDO NEGRAO DE SOUSA,ENSINO MEDIO,0.0,3.0,0.6,0.0,0.5,,,,1.1
Abaetetuba,Tocantins,15064905,ESCOLA ESTADUAL ESMERINA BOU HABIB,ENSINO MEDIO,0.0,2.0,0.2,0.0,0.0,,,,0.2
Abaetetuba,Tocantins,15067157,ESCOLA ESTADUAL SAO MIGUEL DE BEJA,ENSINO MEDIO,0.0,1.0,0.1,0.0,0.5,,,,0.6
Baião,Tocantins,15067564,ESCOLA ESTADUAL FRANCISCA NOGUEIRA DA COSTA RAMOS,ENSINO MEDIO,0.0,0.0,0.0,0.0,0.5,,,,0.5
Cametá,Tocantins,15068234,ESCOLA ESTADUAL DR GERSON DOS SANTOS PERES,ENSINO MEDIO,0.0,3.0,0.6,0.0,0.5,,,,1.1
Cametá,Tocantins,15068390,ESCOLA ESTADUAL JULIA PASSARINHO,ENSINO MEDIO,0.0,0.0,0.0,0.0,0.5,,,,0.5
Cametá,Tocantins,15068439,ESCOLA ESTADUAL OSVALDINA MUNIZ,ENSINO MEDIO,0.0,3.0,0.6,0.0,0.5,,,,1.1
Cametá,Tocantins,15070980,ESCOLA ESTADUAL MAGALHAES BARATA,ENSINO MEDIO,0.0,1.0,0.1,0.0,0.5,,,,0.6
Limoeiro do Ajuru,Tocantins,15075109,ESCOLA ESTADUAL JERONIMO MILHOMEM TAVARES,ENSINO MEDIO,0.0,2.0,0.4,0.0,0.5,,,,0.9
Mocajuba,Tocantins,15076580,ESCOLA ESTADUAL PROF ISAURA BAHIA,ENSINO MEDIO,0.0,3.0,0.3,0.0,0.5,,,,0.8
Concórdia do Pará,Rio Capim,15081044,ESCOLA ESTADUAL AMABILIO ALVES PEREIRA,ENSINO MEDIO,0.0,3.0,0.6,0.0,0.5,,,,1.1
Concórdia do Pará,Rio Capim,15081052,ESCOLA ESTADUAL ALOISIO DA COSTA CHAVES,ENSINO MEDIO,1.0,5.0,1.0,0.0,0.5,,,,2.5
Tailândia,Tocantins,15084434,ESCOLA ESTADUAL SAO FRANCISCO DE ASSIS,ENSINO MEDIO,0.0,0.0,0.0,0.0,0.0,,,,0.0
Tomé-Açu,Rio Capim,15085490,ESCOLA ESTADUAL ANTONIO BRASIL,ENSINO MEDIO,0.0,0.0,0.0,0.0,0.5,,,,0.5
Tomé-Açu,Rio Capim,15085520,ESCOLA ESTADUAL DR FABIO LUZ,ENSINO MEDIO,0.0,0.0,0.0,0.0,0.5,,,,0.5
Aurora do Pará,Rio Capim,15087042,ESCOLA ESTADUAL PROF HILDEBERTO REIS,ENSINO MEDIO,0.0,0.0,0.0,0.0,0.0,,,,0.0
Aurora do Pará,Rio Capim,15087050,ESCOLA ESTADUAL DR LAUDELINO PINTO SOARES,ENSINO MEDIO,1.0,5.0,1.0,0.0,0.5,,,,2.5
Aurora do Pará,Rio Capim,15087077,ESCOLA ESTADUAL MANOEL EMILIO PANTOJA,ENSINO MEDIO,1.0,5.0,1.0,0.0,0.5,,,,2.5
Capitão Poço,Rio Capim,15088154,ESCOLA ESTADUAL BELINA CAMPOS COUTINHO,ENSINO MEDIO,1.0,5.0,1.0,0.0,0.0,,,,2.0
Capitão Poço,Rio Capim,15088332,ESCOLA ESTADUAL DIONISIO HAGE,ENSINO MEDIO,1.0,5.0,1.0,0.0,0.5,,,,2.5
Capitão Poço,Rio Capim,15088375,ESCOLA ESTADUAL OSVALDO CRUZ,ENSINO MEDIO,0.0,3.0,0.6,0.0,0.5,,,,1.1
Capitão Poço,Rio Capim,15088383,ESCOLA ESTADUAL PE VITALIANO MARIA VARI,ENSINO MEDIO,0.0,4.0,1.0,1.0,0.5,,,,2.5
Capitão Poço,Rio Capim,15088464,ESCOLA ESTADUAL PROF TEREZINHA BEZERRA SIQUEIRA,ENSINO MEDIO,1.0,5.0,1.0,0.0,0.5,,,,2.5
Garrafão do Norte,Rio Capim,15089428,ESCOLA ESTADUAL MARIO BRASIL,ENSINO MEDIO,1.0,4.0,1.0,0.0,0.5,,,,2.5
Garrafão do Norte,Rio Capim,15089452,ESCOLA ESTADUAL PACIFICO LEAO DA COSTA,ENSINO MEDIO,0.0,2.0,0.2,0.0,0.5,,,,0.7
Irituia,Rio Capim,15090930,ESCOLA ESTADUAL MARIA DA CONCEICAO MALHEIROS,ENSINO MEDIO,0.0,0.0,0.0,0.0,0.5,,,,0.5
Irituia,Rio Capim,15091171,ESCOLA ESTADUAL NICOLAU NERES DA SILVA,ENSINO MEDIO,0.0,0.0,0.0,0.0,0.5,,,,0.5
Mãe do Rio,Rio Capim,15092542,ESCOLA ESTADUAL PADRE MARINO CONTTI,ENSINO MEDIO,0.0,0.0,0.0,0.0,0.5,,,,0.5
Nova Esperança do Piriá,Rio Capim,15093158,ESCOLA ESTADUAL LINA SEFFER,ENSINO MEDIO,0.0,2.0,0.4,0.0,0.5,,,,0.9
Ourém,Rio Capim,15093581,ESCOLA ESTADUAL IRMA SANCHA AUGUSTA DE SOUZA E SILVA,ENSINO MEDIO,0.0,0.0,0.0,0.0,0.5,,,,0.5
Ourém,Rio Capim,15093654,ESCOLA ESTADUAL PADRE ANTONIO VIEIRA,ENSINO MEDIO,0.0,5.0,0.5,0.0,0.5,,,,1.0
Santa Luzia do Pará,Rio Caeté,15094065,ESCOLA ESTADUAL PROFA FLORENTINA DAMASCENO,ENSINO MEDIO,0.0,3.0,0.6,0.0,0.5,,,,1.1
Ipixuna do Pará,Rio Capim,15094588,ESCOLA ESTADUAL IRMA AGNES VINCQUIER,ENSINO MEDIO,0.0,0.0,0.0,0.0,0.0,,,,0.0
São Domingos do Capim,Guamá,15094596,ESCOLA ESTADUAL MAROJA NETO,ENSINO MEDIO,0.0,0.0,0.0,0.0,0.5,,,,0.5
São Domingos do Capim,Guamá,15094693,ESCOLA ESTADUAL PROF VICENTINA SODRE DE ARAUJO,ENSINO MEDIO,0.0,0.0,0.0,0.0,0.5,,,,0.5
São Miguel do Guamá,Guamá,15095916,ESCOLA ESTADUAL FREI MIGUEL DE BULHOES,ENSINO MEDIO,0.0,0.0,0.0,0.0,0.0,,,,0.0
Abaetetuba,Tocantins,15096700,ESCOLA ESTADUAL CRISTO TRABALHADOR,ENSINO MEDIO,1.0,4.0,0.8,0.0,0.5,,,,2.3
Canaã dos Carajás,Carajás,15097129,ESCOLA ESTADUAL IRMA LAURA DE MARTINS CARVALHO,ENSINO MEDIO,0.0,1.0,0.2,0.0,0.5,,,,0.7
Viseu,Rio Caeté,15097145,ESCOLA ESTADUAL PADRE LUCIANO CALDERARA,ENSINO MEDIO,0.0,0.0,0.0,0.0,0.5,,,,0.5
Cachoeira do Piriá,Rio Caeté,15097307,ESCOLA ESTADUAL ADRIANO GONCALVES,ENSINO MEDIO,0.0,3.0,0.3,0.0,0.5,,,,0.8
Breves,Marajó,15097846,ESCOLA ESTADUAL SANTO AGOSTINHO,ENSINO MEDIO,0.0,0.0,0.0,0.0,0.5,,,,0.5
Cachoeira do Piriá,Rio Caeté,15098141,ESCOLA ESTADUAL CEL NEWTON BARREIRA,ENSINO MEDIO,0.0,0.0,0.0,0.0,0.5,,,,0.5
Aveiro,Tapajós,15099342,ESCOLA ESTADUAL EDUARDO ANGELIM,ENSINO MEDIO,0.0,0.0,0.0,0.0,0.5,,,,0.5
Curuçá,Guamá,15099881,ESCOLA ESTADUAL PROFA RAIMUNDA SENA DA SILVA,ENSINO MEDIO,1.0,5.0,0.5,0.0,0.5,,,,2.0
Itaituba,Tapajós,15101029,ESCOLA ESTADUAL PROFA MARIA DAS GRACAS ESCOCIO CERQUEIRA,ENSINO MEDIO,0.0,3.0,0.3,0.0,0.5,,,,0.8
Trairão,Tapajós,15101681,ESCOLA ESTADUAL DEPUTADO EVERALDO MARTINS,ENSINO MEDIO,0.0,3.0,0.8,0.0,0.5,,,,1.3
Jacareacanga,Tapajós,15102254,ESCOLA ESTADUAL BRIGADEIRO HAROLDO COIMBRA VELOSO,ENSINO MEDIO,0.0,0.0,0.0,0.0,0.5,,,,0.5
Rurópolis,Tapajós,15102696,ESCOLA ESTADUAL GOV EURICO VALE,ENSINO MEDIO,0.0,4.0,1.0,1.0,0.5,,,,2.5
Altamira,Xingu,15104893,ESCOLA ESTADUAL PROFA DAIRCE PEDROSA TORRES,ENSINO MEDIO,0.0,0.0,0.0,0.0,0.5,,,,0.5
Altamira,Xingu,15104907,ESCOLA ESTADUAL POLIVALENTE,ENSINO MEDIO,0.0,0.0,0.0,0.0,0.5,,,,0.5
Vitória do Xingu,Xingu,15105016,ESCOLA ESTADUAL PADRE EURICO,ENSINO MEDIO,0.0,4.0,0.8,0.0,0.5,,,,1.3
Jacundá,Lago Tucuruí,15105121,ESCOLA ESTADUAL IRMA DOROTHY STANGE,ENSINO MEDIO,0.0,0.0,0.0,0.0,0.5,,,,0.5
Altamira,Xingu,15106101,ESCOLA ESTADUAL GETULIO VARGAS,ENSINO MEDIO,0.0,2.0,0.4,0.0,0.5,,,,0.9
Brasil Novo,Xingu,15106250,ESCOLA ESTADUAL BRASIL NOVO,ENSINO MEDIO,1.0,4.0,1.0,0.0,0.5,,,,2.5
Medicilândia,Xingu,15107035,ESCOLA ESTADUAL FRANCISCA GOMES DOS SANTOS,ENSINO MEDIO,0.0,0.0,0.0,0.0,0.5,,,,0.5
Pacajá,Xingu,15107582,ESCOLA ESTADUAL ALUISIO LOCH,ENSINO MEDIO,1.0,4.0,1.0,0.0,0.5,,,,2.5
Senador José Porfírio,Xingu,15109194,ESCOLA ESTADUAL ROSA ALVAREZ REBELO,ENSINO MEDIO,1.0,4.0,1.0,0.0,0.5,,,,2.5
Uruará,Xingu,15109879,ESCOLA ESTADUAL MELVIN JONES,ENSINO MEDIO,0.0,3.0,0.6,0.0,0.5,,,,1.1
Itupiranga,Lago Tucuruí,15111741,ESCOLA ESTADUAL ALBERTINA BARREIROS,ENSINO MEDIO,1.0,5.0,1.0,0.0,0.5,,,,2.5
Itupiranga,Lago Tucuruí,15111822,ESCOLA ESTADUAL BRASIL TROPICAL,ENSINO MEDIO,0.0,1.0,0.1,0.0,0.5,,,,0.6
Itupiranga,Lago Tucuruí,15111938,ESCOLA ESTADUAL PROFA IZABEL MARACAIPE,ENSINO MEDIO,0.0,0.0,0.0,0.0,0.5,,,,0.5
Jacundá,Lago Tucuruí,15113388,ESCOLA ESTADUAL PROFA MARIA DA GLORIA RODRIGUES PAIXAO,ENSINO MEDIO,0.0,0.0,0.0,0.0,0.5,,,,0.5
Novo Repartimento,Lago Tucuruí,15114686,ESCOLA ESTADUAL PAPA PAULO VI,ENSINO MEDIO,0.0,0.0,0.0,0.0,0.5,,,,0.5
Tucuruí,Lago Tucuruí,15115704,ESCOLA ESTADUAL DEP RAIMUNDO RIBEIRO DE SOUZA,ENSINO MEDIO,0.0,1.0,0.2,0.0,0.5,,,,0.7
Abel Figueiredo,Rio Capim,15116220,ESCOLA ESTADUAL PROF HELIO FROTA LIMA,ENSINO MEDIO,1.0,5.0,1.0,0.0,0.5,,,,2.5
Bom Jesus do Tocantins,Carajás,15116395,ESCOLA ESTADUAL PROFA MARIA SYLVIA DOS SANTOS,ENSINO MEDIO,0.0,2.0,0.4,0.0,0.5,,,,0.9
Dom Eliseu,Rio Capim,15116980,ESCOLA ESTADUAL LUIZ GUALBERTO PIMENTEL,ENSINO MEDIO,0.0,1.0,0.2,0.0,0.5,,,,0.7
Goianésia do Pará,Lago Tucuruí,15117456,COLEGIO ESTADUAL PROF ANUNCIADA CHAVES,ENSINO MEDIO,0.0,0.0,0.0,0.0,0.5,,,,0.5
Paragominas,Rio Capim,15118991,ESCOLA ESTADUAL PRESIDENTE CASTELO BRANCO,ENSINO MEDIO,0.0,0.0,0.0,0.0,0.0,,,,0.0
Rondon do Pará,Rio Capim,15119777,ESCOLA ESTADUAL DR DIONISIO BENTES DE CARVALHO,ENSINO MEDIO,0.0,0.0,0.0,0.0,0.0,,,,0.0
Bannach,Araguaia,15120864,ESCOLA ESTADUAL GERALDO FERNANDES DE OLIVEIRA,ENSINO MEDIO,1.0,6.0,0.6,0.0,0.0,,,,1.6
Ourilândia do Norte,Araguaia,15120902,ESCOLA ESTADUAL DR ROMILDO VELOSO E SILVA,ENSINO MEDIO,0.0,3.0,0.6,0.0,0.5,,,,1.1
São Félix do Xingu,Araguaia,15121607,ESCOLA ESTADUAL CARMINA GOMES,ENSINO MEDIO,0.0,0.0,0.0,0.0,0.0,,,,0.0
Água Azul do Norte,Araguaia,15123618,ESCOLA ESTADUAL JOSE LUIZ MARTINS,ENSINO MEDIO,0.0,0.0,0.0,0.0,0.5,,,,0.5
Curionópolis,Carajás,15124347,ESCOLA ESTADUAL DR TANCREDO DE ALMEIDA NEVES,ENSINO MEDIO,0.0,4.0,0.4,0.0,0.5,,,,0.9
Eldorado do Carajás,Carajás,15124770,ESCOLA ESTADUAL ELDORADO,ENSINO MEDIO,0.0,3.0,0.6,0.0,0.0,,,,0.6
Parauapebas,Carajás,15125351,ESCOLA ESTADUAL CECILIA MEIRELES,ENSINO MEDIO,0.0,0.0,0.0,0.0,0.5,,,,0.5
Canaã dos Carajás,Carajás,15125424,ESCOLA ESTADUAL PROF NELSON DOS PRAZERES HENRIQUE,ENSINO MEDIO,0.0,3.0,0.6,0.0,0.5,,,,1.1
Parauapebas,Carajás,15125440,ESCOLA ESTADUAL GEN EUCLYDES FIGUEIREDO,ENSINO MEDIO,0.0,3.0,0.8,1.0,0.5,,,,2.3
Brejo Grande do Araguaia,Carajás,15126714,ESCOLA ESTADUAL PROF LICIO SOLHEIRO,ENSINO MEDIO,0.0,4.0,0.4,0.0,0.5,,,,0.9
Marabá,Carajás,15127079,ESCOLA ESTADUAL O PEQUENO PRINCIPE,ENSINO MEDIO,0.0,0.0,0.0,0.0,0.5,,,,0.5
Marabá,Carajás,15127265,ESCOLA ESTADUAL DR GABRIEL SALES PIMENTA,ENSINO MEDIO,0.0,0.0,0.0,0.0,0.0,,,,0.0
Marabá,Carajás,15127281,ESCOLA ESTADUAL LIBERDADE,ENSINO MEDIO,0.0,0.0,0.0,0.0,0.5,,,,0.5
Marabá,Carajás,15127303,ESCOLA ESTADUAL DR JOSE CURSINO DE AZEVEDO,ENSINO MEDIO,0.0,2.0,0.2,0.0,0.5,,,,0.7
Marabá,Carajás,15127311,ESCOLA ESTADUAL PROF ANISIO TEIXEIRA,ENSINO MEDIO,0.0,0.0,0.0,0.0,0.5,,,,0.5
Marabá,Carajás,15127370,ESCOLA ESTADUAL DR GASPAR VIANNA,ENSINO MEDIO,0.0,3.0,0.6,0.0,0.5,,,,1.1
Marabá,Carajás,15127389,ESCOLA ESTADUAL ACY DE JESUS NEVES DE BARROS PEREIRA,ENSINO MEDIO,0.0,0.0,0.0,0.0,0.0,,,,0.0
Marabá,Carajás,15127613,ESCOLA ESTADUAL PROF ONEIDE DE SOUZA TAVARES,ENSINO MEDIO,0.0,1.0,0.2,0.0,0.5,,,,0.7
Marabá,Carajás,15127648,ESCOLA ESTADUAL PROF PAULO FREIRE,ENSINO MEDIO,0.0,2.0,0.4,0.0,0.5,,,,0.9
Marabá,Carajás,15127664,ESCOLA ESTADUAL PROF SALOME CARVALHO,ENSINO MEDIO,0.0,2.0,0.2,0.0,0.5,,,,0.7
Marabá,Carajás,15127729,ESCOLA ESTADUAL PLINIO PINHEIRO,ENSINO MEDIO,0.0,2.0,0.4,0.0,0.5,,,,0.9
Marabá,Carajás,15127737,ESCOLA ESTADUAL DR INACIO SOUSA MOTA,ENSINO MEDIO,0.0,2.0,0.2,0.0,0.5,,,,0.7
Marabá,Carajás,15127745,ESCOLA ESTADUAL ELINDA SIMPLICIO COSTA,ENSINO MEDIO,0.0,5.0,0.5,0.0,0.0,,,,0.5
Marabá,Carajás,15127753,ESCOLA ESTADUAL LUZIA NUNES FERNANDES,ENSINO MEDIO,1.0,5.0,1.0,1.0,0.5,,,,3.5
Marabá,Carajás,15127907,ESCOLA ESTADUAL PROF JONATHAS PONTES ATHIAS,ENSINO MEDIO,0.0,0.0,0.0,0.0,0.5,,,,0.5
Palestina do Pará,Carajás,15129578,ESCOLA ESTADUAL 21 DE ABRIL,ENSINO MEDIO,0.0,0.0,0.0,0.0,0.5,,,,0.5
São Domingos do Araguaia,Carajás,15129799,ESCOLA ESTADUAL PROFA ELZA MARIA CORREA DANTAS,ENSINO MEDIO,1.0,5.0,1.0,0.0,0.5,,,,2.5
Redenção,Araguaia,15131122,ESCOLA ESTADUAL PROFA DEUZUITA PEREIRA DE QUEIROZ,ENSINO MEDIO,1.0,4.0,1.0,0.0,0.5,,,,2.5
Redenção,Araguaia,15131130,ESCOLA ESTADUAL ENG PALMA MUNIZ,ENSINO MEDIO,0.0,0.0,0.0,0.0,0.5,,,,0.5
Pau D'Arco,Araguaia,15131572,ESCOLA ESTADUAL PAULO HANNEMANN,ENSINO MEDIO,0.0,2.0,0.2,0.0,0.5,,,,0.7
Rio Maria,Araguaia,15131831,ESCOLA ESTADUAL SEN CATETE PINHEIRO,ENSINO MEDIO,0.0,0.0,0.0,0.0,0.0,,,,0.0
São Geraldo do Araguaia,Carajás,15132412,ESCOLA ESTADUAL MACARIO DANTAS,ENSINO MEDIO,0.0,3.0,0.6,0.0,0.5,,,,1.1
Piçarra,Carajás,15132420,ESCOLA ESTADUAL ALICE SILVEIRA LIMA,ENSINO MEDIO,0.0,0.0,0.0,0.0,0.0,,,,0.0
Xinguara,Araguaia,15133702,ESCOLA ESTADUAL PEDRO RIBEIRO MOTA,ENSINO MEDIO,0.0,4.0,0.8,0.0,0.0,,,,0.8
Sapucaia,Araguaia,15134016,ESCOLA ESTADUAL PAULO FREIRE,ENSINO MEDIO,0.0,3.0,0.6,0.0,0.5,,,,1.1
Conceição do Araguaia,Araguaia,15134555,ESCOLA ESTADUAL PROF JOSE WILSON PEREIRA LEITE,ENSINO MEDIO,0.0,0.0,0.0,0.0,0.0,,,,0.0
Conceição do Araguaia,Araguaia,15134571,ESCOLA ESTADUAL BRAULIA GURJAO,ENSINO MEDIO,0.0,0.0,0.0,0.0,0.5,,,,0.5
Conceição do Araguaia,Araguaia,15134580,ESCOLA ESTADUAL PROF ACY DE JESUS NEVES DE BARROS PEREIRA,ENSINO MEDIO,0.0,4.0,0.4,0.0,0.5,,,,0.9
Floresta do Araguaia,Araguaia,15134598,ESCOLA ESTADUAL MONSENHOR AUGUSTO DIAS DE BRITO,ENSINO MEDIO,0.0,3.0,0.3,0.0,0.5,,,,0.8
Santa Maria das Barreiras,Araguaia,15136060,ESCOLA ESTADUAL CASTRO ALVES,ENSINO MEDIO,1.0,5.0,0.5,0.0,0.5,,,,2.0
Santana do Araguaia,Araguaia,15136647,ESCOLA ESTADUAL PROF JORCELI SILVA SESTARI,ENSINO MEDIO,0.0,0.0,0.0,0.0,0.5,,,,0.5
São Geraldo do Araguaia,Carajás,15138763,ESCOLA ESTADUAL LENILSON LUIZ MIRANDA,ENSINO MEDIO,0.0,3.0,0.3,0.0,0.5,,,,0.8
Vigia,Guamá,15138963,ESCOLA ESTADUAL SANTA ROSA,ENSINO MEDIO,0.0,1.0,0.1,0.0,0.0,,,,0.1
Altamira,Xingu,15139603,ESCOLA ESTADUAL BARTOLOMEU MORAES DA SILVA,ENSINO MEDIO,0.0,0.0,0.0,0.0,0.5,,,,0.5
Marituba,Guajará,15140591,ESCOLA ESTADUAL NOSSA SENHORA DO ROSARIO,ENSINO MEDIO,0.0,1.0,0.1,0.0,0.5,,,,0.6
Belém,Guajará,15140711,ESCOLA ESTADUAL MARIO BARBOSA,ENSINO MEDIO,0.0,5.0,1.0,0.0,0.5,,,,1.5
Novo Progresso,Tapajós,15140741,ESCOLA ESTADUAL WALDEMAR LINDERMAYER,ENSINO MEDIO,0.0,0.0,0.0,0.0,0.5,,,,0.5
Conceição do Araguaia,Araguaia,15140760,ESCOLA ESTADUAL PROF DEOCLECIANO ALVES MOREIRA,ENSINO MEDIO,0.0,4.0,1.0,1.0,0.5,,,,2.5
Tucumã,Araguaia,15140776,ESCOLA ESTADUAL PROF GERALDO ANGELO PEREIRA,ENSINO MEDIO,0.0,0.0,0.0,0.0,0.5,,,,0.5
Xinguara,Araguaia,15141128,ESCOLA ESTADUAL DOM LUIZ DE MOURA PALHA,ENSINO MEDIO,0.0,0.0,0.0,0.0,0.5,,,,0.5
Ananindeua,Guajará,15144801,ESCOLA ESTADUAL ENEIDA DE MORAES,ENSINO MEDIO,0.0,0.0,0.0,0.0,0.0,,,,0.0
Marabá,Carajás,15147223,ESCOLA ESTADUAL WALKISE DA SILVEIRA VIANNA,ENSINO MEDIO,0.0,0.0,0.0,0.0,0.0,,,,0.0
Belém,Guajará,15148955,ESCOLA ESTADUAL FE EM DEUS,ENSINO MEDIO,1.0,5.0,1.0,0.0,0.5,,,,2.5
Itaituba,Tapajós,15149510,ESCOLA ESTADUAL PROFA MARIA DO SOCORRO JACOB,ENSINO MEDIO,0.0,3.0,0.6,0.0,0.5,,,,1.1
Castanhal,Guamá,15150585,ESCOLA ESTADUAL PROFA DEUSARINA DA SILVA RODRIGUES,ENSINO MEDIO,0.0,1.0,0.1,0.0,0.0,,,,0.1
Igarapé-Açu,Guamá,15156303,ESCOLA ESTADUAL PROF MARIA IONE HENRIQUE,ENSINO MEDIO,0.0,1.0,0.1,0.0,0.0,,,,0.1
Ourém,Rio Capim,15156672,ESCOLA ESTADUAL PROFA MARIA SOCORRO OLIVEIRA DA ROCHA,ENSINO MEDIO,0.0,0.0,0.0,0.0,0.5,,,,0.5
Tailândia,Tocantins,15156788,ESCOLA ESTADUAL ERIBERTO JASPER,ENSINO MEDIO,0.0,0.0,0.0,0.0,0.5,,,,0.5
Mãe do Rio,Rio Capim,15156796,ESCOLA ESTADUAL PROFA OSCARINA ANTONIA SOUZA DO REGO,ENSINO MEDIO,0.0,0.0,0.0,0.0,0.0,,,,0.0
Bonito,Rio Caeté,15157636,ESCOLA ESTADUAL MARIA DE NAZARE ASSAD ELIAS,ENSINO MEDIO,0.0,5.0,0.5,0.0,0.5,,,,1.0
Porto de Moz,Xingu,15158950,ESCOLA ESTADUAL JOSE ALFREDO HAGE,ENSINO MEDIO,1.0,4.0,1.0,1.0,0.5,,,,3.5
Curralinho,Marajó,15159299,ESCOLA ESTADUAL MANOEL DA VERA CRUZ SA,ENSINO MEDIO,1.0,5.0,1.0,1.0,0.5,,,,3.5
Dom Eliseu,Rio Capim,15160262,ESCOLA ESTADUAL ANTONIO JESUS DE OLIVEIRA,ENSINO MEDIO,0.0,0.0,0.0,0.0,0.5,,,,0.5
Bujaru,Rio Capim,15160513,ESCOLA ESTADUAL RAIMUNDO DE CAMPOS LOPES,ENSINO MEDIO,0.0,2.0,0.2,0.0,0.0,,,,0.2
Cumaru do Norte,Araguaia,15161439,ESCOLA ESTADUAL JOAO PINTO PEREIRA,ENSINO MEDIO,1.0,5.0,1.0,0.0,0.5,,,,2.5
Marabá,Carajás,15161455,ESCOLA ESTADUAL SAO JOSE,ENSINO MEDIO,0.0,0.0,0.0,0.0,0.5,,,,0.5
Abaetetuba,Tocantins,15163768,ESCOLA ESTADUAL DO CAMPO PROFA BENEDITA LIMA ARAUJO,ENSINO MEDIO,0.0,4.0,0.4,0.0,0.5,,,,0.9
Tailândia,Tocantins,15164535,ESCOLA ESTADUAL DELCIMAR ALVES DA SILVA,ENSINO MEDIO,0.0,3.0,0.3,0.0,0.5,,,,0.8
Juruti,Baixo Amazonas,15164780,ESCOLA ESTADUAL PROFA ZENITA FREITAS DE MATOS,ENSINO MEDIO,0.0,3.0,0.3,0.0,0.5,,,,0.8
Belém,Guajará,15165930,ESCOLA ESTADUAL MANOEL LEITE CARNEIRO,ENSINO MEDIO,0.0,2.0,0.4,0.0,0.5,,,,0.9
Maracanã,Guamá,15165949,ESCOLA ESTADUAL IZIDORIO FRANCISCO DE SOUZA,ENSINO MEDIO,0.0,2.0,0.2,0.0,0.0,,,,0.2
Parauapebas,Carajás,15165957,ESCOLA ESTADUAL PROF LUIS MAGNO ARAUJO,ENSINO MEDIO,0.0,2.0,0.4,0.0,0.5,,,,0.9
Parauapebas,Carajás,15165981,ESCOLA ESTADUAL CRESCENDO NA PRATICA,ENSINO MEDIO,0.0,0.0,0.0,0.0,0.5,,,,0.5
Moju,Tocantins,15166562,ESCOLA ESTADUAL PROF ECILA PANTOJA DA ROCHA,ENSINO MEDIO,0.0,5.0,1.0,0.0,0.5,,,,1.5
Parauapebas,Carajás,15166694,ESCOLA ESTADUAL PAULO FREIRE,ENSINO MEDIO,1.0,5.0,1.0,0.0,0.5,,,,2.5
Tucumã,Araguaia,15167160,ESCOLA ESTADUAL THIAGO GONCALVES DE SOUZA,ENSINO MEDIO,0.0,4.0,1.0,0.0,0.5,,,,1.5
Belém,Guajará,15167313,ESCOLA ESTADUAL PADRE EDUARDO,ENSINO MEDIO,0.0,0.0,0.0,0.0,0.5,,,,0.5
Óbidos,Baixo Amazonas,15167429,ESCOLA ESTADUAL PROF MAURICIO HAMOY,ENSINO MEDIO,0.0,3.0,0.3,0.0,0.5,,,,0.8
Parauapebas,Carajás,15167453,ESCOLA ESTADUAL JANELAS PARA O MUNDO,ENSINO MEDIO,0.0,1.0,0.2,0.0,0.0,,,,0.2
Parauapebas,Carajás,15167747,ESCOLA ESTADUAL FARUK SALMEN,ENSINO MEDIO,0.0,0.0,0.0,0.0,0.0,,,,0.0
Santarém,Baixo Amazonas,15168697,ESCOLA ESTADUAL ANTONIO FIGUEIRA,ENSINO MEDIO,0.0,2.0,0.2,0.0,0.5,,,,0.7
Rurópolis,Tapajós,15168700,ANEXO EE GOV EURICO VALE - DIVINOPOLIS,ENSINO MEDIO,1.0,5.0,1.0,1.0,0.5,,,,3.5
Ipixuna do Pará,Rio Capim,15168743,ESCOLA ESTADUAL MARIA DAS GRACAS BALBINO CORREA,ENSINO MEDIO,0.0,3.0,0.3,0.0,0.5,,,,0.8
Breves,Marajó,15168751,ANEXO EE PROF GERSON PERES - CIDADE NOVA,ENSINO MEDIO,0.0,0.0,0.0,0.0,0.5,,,,0.5
Santarém,Baixo Amazonas,15168760,ANEXO EE JULIA GONCALVES PASSARINHO - JACAMIN,ENSINO MEDIO,0.0,1.0,0.1,0.0,0.5,,,,0.6
Santarém,Baixo Amazonas,15168778,ANEXO EE SAO FELIPE - CIPOAL,ENSINO MEDIO,1.0,5.0,1.0,0.0,0.5,,,,2.5
Baião,Tocantins,15168824,ANEXO EE FRANCISCA NOGUEIRA DA COSTA RAMOS - SAO JOAQUIM DE ITUQUARA,ENSINO MEDIO,1.0,5.0,1.0,0.0,0.5,,,,2.5
Xinguara,Araguaia,15168832,ANEXO EE DOM LUIZ DE MOURA PALHA - SAO JOSE,ENSINO MEDIO,0.0,0.0,0.0,0.0,0.5,,,,0.5
São Félix do Xingu,Araguaia,15168859,ANEXO EE CARMINA GOMES - VILA TABOCA,ENSINO MEDIO,0.0,4.0,0.4,0.0,0.5,,,,0.9
Novo Repartimento,Lago Tucuruí,15168913,ANEXO EE PAPA PAULO VI - VILA TUCURUI,ENSINO MEDIO,0.0,1.0,0.2,0.0,0.5,,,,0.7
Novo Repartimento,Lago Tucuruí,15168921,ANEXO EE PAPA PAULO VI - MARACAJA,ENSINO MEDIO,0.0,1.0,0.1,0.0,0.5,,,,0.6
Parauapebas,Carajás,15168948,ANEXO EE EDUARDO ANGELIM - VILA PAULO FONTELES,ENSINO MEDIO,1.0,5.0,1.0,0.0,0.5,,,,2.5
Itaituba,Tapajós,15168956,ANEXO EE PROFA MARIA DO SOCORRO JACOB - PIRACANA,ENSINO MEDIO,0.0,0.0,0.0,0.0,0.5,,,,0.5
Paragominas,Rio Capim,15169030,ESCOLA ESTADUAL ELIEL PEREIRA FAUSTINO,ENSINO MEDIO,0.0,0.0,0.0,0.0,0.5,,,,0.5
Breves,Marajó,15169049,ANEXO EE PROFA MARIA ELIZETE FONA NUNES - AEROPORTO,ENSINO MEDIO,1.0,5.0,1.0,0.0,0.0,,,,2.0
Abaetetuba,Tocantins,15169057,ANEXO EE PROF BASILIO DE CARVALHO - RIO QUIANDUBA,ENSINO MEDIO,1.0,8.0,0.8,0.0,0.5,,,,2.3
Monte Alegre,Baixo Amazonas,15169065,ANEXO EE FRANCISCO NOBRE DE ALMEIDA - PA 245 KM 11,ENSINO MEDIO,0.0,0.0,0.0,0.0,0.5,,,,0.5
Prainha,Baixo Amazonas,15169073,ANEXO EE PRETEXTATO DA COSTA ALVARENGA - SANTA MARIA DO URUARA,ENSINO MEDIO,0.0,3.0,0.3,0.0,0.0,,,,0.3
Prainha,Baixo Amazonas,15169081,ANEXO EE PRETEXTATO DA COSTA ALVARENGA - BOA VISTA DO CUCARI,ENSINO MEDIO,0.0,5.0,0.5,0.0,0.5,,,,1.0
Monte Alegre,Baixo Amazonas,15169090,ANEXO EE FRANCISCO NOBRE DE ALMEIDA - VILA DA CANP,ENSINO MEDIO,0.0,1.0,0.1,0.0,0.5,,,,0.6
Itaituba,Tapajós,15169103,ANEXO EE BENEDITO CORREA DE SOUZA - CAMPO VERDE,ENSINO MEDIO,0.0,0.0,0.0,0.0,0.0,,,,0.0
Altamira,Xingu,15169138,ESCOLA ESTADUAL ODILA DE SOUSA,ENSINO MEDIO,0.0,1.0,0.2,0.0,0.5,,,,0.7
Monte Alegre,Baixo Amazonas,15169189,ANEXO EE FRANCISCO NOBRE DE ALMEIDA - VILA DE MURUMURU,ENSINO MEDIO,0.0,2.0,0.2,0.0,0.5,,,,0.7
Itaituba,Tapajós,15169197,ANEXO EE PROFA MARIA DO SOCORRO JACOB - MORAES ALMEIDA,ENSINO MEDIO,1.0,3.0,0.6,0.0,0.5,,,,2.1
Redenção,Araguaia,15169227,ANEXO EE ENG PALMA MUNIZ - CAPUAVA II,ENSINO MEDIO,0.0,1.0,0.1,0.0,0.5,,,,0.6
Santarém,Baixo Amazonas,15169235,ESCOLA ESTADUAL DOM MACEDO COSTA,ENSINO MEDIO,0.0,0.0,0.0,0.0,0.5,,,,0.5
Marabá,Carajás,15169251,ANEXO EE LIBERDADE - INDEPENDENCIA,ENSINO MEDIO,0.0,0.0,0.0,0.0,0.5,,,,0.5
Marabá,Carajás,15169260,ANEXO EE ACY DE JESUS NEVES DE BARROS PEREIRA - VILA SORORO,ENSINO MEDIO,0.0,0.0,0.0,0.0,0.5,,,,0.5
Marabá,Carajás,15169294,ANEXO EE DR GASPAR VIANNA - NOVA MARABA,ENSINO MEDIO,0.0,2.0,0.2,0.0,0.5,,,,0.7
São Geraldo do Araguaia,Carajás,15169375,ANEXO EE MACARIO DANTAS - VILA FORTALEZA,ENSINO MEDIO,1.0,5.0,1.0,0.0,0.5,,,,2.5
Trairão,Tapajós,15169561,ANEXO EE DEP EVERALDO MARTINS - BELA VISTA DO CARACOL,ENSINO MEDIO,1.0,3.0,0.6,0.0,0.5,,,,2.1
Abaetetuba,Tocantins,15169944,ANEXO EE PEDRO TEIXEIRA - RIO CAMPOMPEMA,ENSINO MEDIO,1.0,5.0,1.0,1.0,0.5,,,,3.5
Água Azul do Norte,Araguaia,15169952,ANEXO EE JOSE LUIZ MARTINS - UNIAO,ENSINO MEDIO,0.0,0.0,0.0,0.0,0.5,,,,0.5
Abaetetuba,Tocantins,15170020,ANEXO EE PROF LEONARDO NEGRAO DE SOUSA - COLONIA NOVA,ENSINO MEDIO,0.0,1.0,0.1,0.0,0.5,,,,0.6
Santarém,Baixo Amazonas,15170080,ANEXO EE JULIA GONCALVES PASSARINHO - MARARU,ENSINO MEDIO,0.0,10.0,1.0,0.0,0.5,,,,1.5
Santarém,Baixo Amazonas,15170098,ANEXO EE RIO TAPAJOS - BOA ESPERANCA,ENSINO MEDIO,1.0,4.0,0.8,0.0,0.5,,,,2.3
Nova Timboteua,Rio Caeté,15170241,ANEXO EE DES AUGUSTO OLIMPIO - VILA TIMBOTEUA,ENSINO MEDIO,1.0,5.0,0.5,0.0,0.5,,,,2.0
Parauapebas,Carajás,15170381,ANEXO EE EDUARDO ANGELIM - VILA CEDERE I,ENSINO MEDIO,0.0,0.0,0.0,0.0,0.5,,,,0.5
Peixe-Boi,Rio Caeté,15170390,ANEXO EE JONATHAS PONTES ATHIAS - TAUARIZINHO,ENSINO MEDIO,1.0,5.0,1.0,0.0,0.5,,,,2.5
Monte Alegre,Baixo Amazonas,15170403,ANEXO EE PE EDMUNDO DE LIMA CALVO - VILA DE LIMAO,ENSINO MEDIO,1.0,5.0,1.0,1.0,0.5,,,,3.5
Cametá,Tocantins,15170438,ESCOLA ESTADUAL HERIBERTO BARROSO ARAGAO,ENSINO MEDIO,1.0,5.0,1.0,0.0,0.5,,,,2.5
Floresta do Araguaia,Araguaia,15170624,ANEXO EE MONSENHOR AUGUSTO DIAS DE BRITO - VILA BELA VISTA,ENSINO MEDIO,0.0,4.0,0.4,0.0,0.5,,,,0.9
Abaetetuba,Tocantins,15170713,ANEXO EE PROF BENVINDA DE ARAUJO PONTES - RIO ITACURUCA,ENSINO MEDIO,1.0,5.0,1.0,0.0,0.5,,,,2.5
Cachoeira do Arari,Marajó,15171043,ESCOLA ESTADUAL MAGNO DA SILVA BAHIA,ENSINO MEDIO,1.0,5.0,1.0,0.0,0.5,,,,2.5
Santana do Araguaia,Araguaia,15171582,ANEXO EE PROF JORCELI SILVA SESTARI - VILA MANDI,ENSINO MEDIO,1.0,8.0,0.8,0.0,0.5,,,,2.3
Goianésia do Pará,Lago Tucuruí,15172457,ESCOLA ESTADUAL DO CAMPO PROF WILSON BAIA,ENSINO MEDIO,0.0,0.0,0.0,0.0,0.5,,,,0.5
Viseu,Rio Caeté,15172490,ANEXO EE PADRE LUCIANO CALDERARA - VILA FERNANDES BELO,ENSINO MEDIO,0.0,3.0,0.3,0.0,0.5,,,,0.8
Viseu,Rio Caeté,15172503,ANEXO EE PADRE LUCIANO CALDERARA - VILA ACAITEUA,ENSINO MEDIO,0.0,0.0,0.0,0.0,0.5,,,,0.5
Viseu,Rio Caeté,15172511,ANEXO EE PADRE LUCIANO CALDERARA - VILA DO LAGUINHO,ENSINO MEDIO,0.0,6.0,0.6,0.0,0.5,,,,1.1
Garrafão do Norte,Rio Capim,15172902,ANEXO EE MARIO BRASIL - VILA DO LOURO,ENSINO MEDIO,0.0,1.0,0.1,0.0,0.5,,,,0.6
Mocajuba,Tocantins,15175383,ESCOLA ESTADUAL BENEDITA MARILDA DA SILVA BRAGA,ENSINO MEDIO,0.0,4.0,0.4,0.0,0.5,,,,0.9
Santa Izabel do Pará,Guamá,15175413,ESCOLA ESTADUAL PROF ELZA DE OLIVEIRA MAIA,ENSINO MEDIO,0.0,3.0,0.6,0.0,0.0,,,,0.6
Itaituba,Tapajós,15175510,ESCOLA ESTADUAL PROFA JUSSARA TEREZINHA,ENSINO MEDIO,0.0,4.0,0.8,0.0,0.5,,,,1.3
Abaetetuba,Tocantins,15175642,ANEXO EE PEDRO TEIXEIRA - RIO FURO GRANDE,ENSINO MEDIO,1.0,5.0,0.5,0.0,0.5,,,,2.0
Tomé-Açu,Rio Capim,15177157,ESCOLA ESTADUAL PROF ANNA ROSA MORAES MACIEL,ENSINO MEDIO,0.0,0.0,0.0,0.0,0.0,,,,0.0
Curuá,Baixo Amazonas,15177300,ESCOLA ESTADUAL RURAL DE CURUA,ENSINO MEDIO,0.0,0.0,0.0,0.0,0.0,,,,0.0
Juruti,Baixo Amazonas,15177327,ESCOLA ESTADUAL RURAL DE JURUTI,ENSINO MEDIO,0.0,0.0,0.0,0.0,0.5,,,,0.5
Óbidos,Baixo Amazonas,15177335,ESCOLA ESTADUAL RURAL DE OBIDOS,ENSINO MEDIO,1.0,4.0,0.4,0.0,0.5,,,,1.9
Maracanã,Guamá,15177351,ESCOLA ESTADUAL RURAL DE MARACANA,ENSINO MEDIO,0.0,2.0,0.2,0.0,0.0,,,,0.2
Aveiro,Tapajós,15177360,ESCOLA ESTADUAL RURAL DE AVEIRO,ENSINO MEDIO,0.0,0.0,0.0,0.0,0.5,,,,0.5
Belterra,Baixo Amazonas,15177378,ESCOLA ESTADUAL RURAL DE BELTERRA,ENSINO MEDIO,0.0,2.0,0.2,0.0,0.5,,,,0.7
Augusto Corrêa,Rio Caeté,15177394,ESCOLA ESTADUAL RURAL DE AUGUSTO CORREA,ENSINO MEDIO,0.0,4.0,0.4,0.0,0.5,,,,0.9
Curuçá,Guamá,15177408,ESCOLA ESTADUAL RURAL DE CURUCA,ENSINO MEDIO,0.0,2.0,0.2,0.0,0.5,,,,0.7
Abaetetuba,Tocantins,15177416,ESCOLA ESTADUAL RURAL DE ABAETETUBA,ENSINO MEDIO,0.0,0.0,0.0,0.0,0.0,,,,0.0
São Domingos do Capim,Guamá,15177424,ESCOLA ESTADUAL RURAL DE SAO DOMINGOS DO CAPIM,ENSINO MEDIO,0.0,0.0,0.0,0.0,0.5,,,,0.5
Itaituba,Tapajós,15177432,ESCOLA ESTADUAL RURAL DE ITAITUBA,ENSINO MEDIO,0.0,0.0,0.0,0.0,0.0,,,,0.0
Acará,Tocantins,15177440,ESCOLA ESTADUAL RURAL DE ACARA,ENSINO MEDIO,0.0,0.0,0.0,0.0,0.5,,,,0.5
São Miguel do Guamá,Guamá,15177459,ESCOLA ESTADUAL RURAL DE SAO MIGUEL DO GUAMA,ENSINO MEDIO,0.0,0.0,0.0,0.0,0.0,,,,0.0
Igarapé-Miri,Tocantins,15177467,ESCOLA ESTADUAL RURAL DE IGARAPE MIRI,ENSINO MEDIO,0.0,0.0,0.0,0.0,0.5,,,,0.5
Moju,Tocantins,15177483,ESCOLA ESTADUAL RURAL DE MOJU,ENSINO MEDIO,0.0,0.0,0.0,0.0,0.0,,,,0.0
Concórdia do Pará,Rio Capim,15177505,ESCOLA ESTADUAL RURAL DE CONCORDIA DO PARA,ENSINO MEDIO,0.0,0.0,0.0,0.0,0.0,,,,0.0
Oeiras do Pará,Tocantins,15177530,ESCOLA ESTADUAL RURAL DE OEIRAS DO PARA,ENSINO MEDIO,0.0,0.0,0.0,0.0,0.0,,,,0.0
Santo Antônio do Tauá,Guamá,15177548,ESCOLA ESTADUAL RURAL DE SANTO ANTONIO DO TAUA,ENSINO MEDIO,0.0,0.0,0.0,0.0,0.0,,,,0.0
Mojuí dos Campos,Baixo Amazonas,15177556,ESCOLA ESTADUAL RURAL DE MOJUI DOS CAMPOS,ENSINO MEDIO,0.0,0.0,0.0,0.0,0.5,,,,0.5
Pacajá,Xingu,15177564,ESCOLA ESTADUAL RURAL DE PACAJA,ENSINO MEDIO,0.0,0.0,0.0,0.0,0.5,,,,0.5
Baião,Tocantins,15177602,ESCOLA ESTADUAL RURAL DE BAIAO,ENSINO MEDIO,0.0,0.0,0.0,0.0,0.5,,,,0.5
Tomé-Açu,Rio Capim,15177610,ESCOLA ESTADUAL RURAL DE TOME ACU,ENSINO MEDIO,0.0,0.0,0.0,0.0,0.5,,,,0.5
Goianésia do Pará,Lago Tucuruí,15177629,ESCOLA ESTADUAL RURAL DE GOIANESIA DO PARA,ENSINO MEDIO,0.0,0.0,0.0,0.0,0.5,,,,0.5
Placas,Xingu,15177637,ESCOLA ESTADUAL RURAL DE PLACAS,ENSINO MEDIO,1.0,4.0,0.4,0.0,0.5,,,,1.9
Muaná,Marajó,15177645,ESCOLA ESTADUAL RURAL DE MUANA,ENSINO MEDIO,0.0,0.0,0.0,0.0,0.5,,,,0.5
Breu Branco,Lago Tucuruí,15177653,ESCOLA ESTADUAL RURAL DE BREU BRANCO,ENSINO MEDIO,0.0,6.0,0.6,1.0,0.5,,,,2.1
Ponta de Pedras,Marajó,15177661,ESCOLA ESTADUAL RURAL DE PONTA DE PEDRAS,ENSINO MEDIO,0.0,0.0,0.0,0.0,0.0,,,,0.0
Cametá,Tocantins,15177670,ESCOLA ESTADUAL RURAL DE CAMETA,ENSINO MEDIO,0.0,0.0,0.0,0.0,0.5,,,,0.5
São Sebastião da Boa Vista,Marajó,15177688,ESCOLA ESTADUAL RURAL DE SAO SEBASTIAO DA BOA VISTA,ENSINO MEDIO,0.0,3.0,0.3,0.0,0.5,,,,0.8
Limoeiro do Ajuru,Tocantins,15177700,ESCOLA ESTADUAL RURAL DE LIMOEIRO DO AJURU,ENSINO MEDIO,0.0,2.0,0.2,0.0,0.5,,,,0.7
Mocajuba,Tocantins,15177718,ESCOLA ESTADUAL RURAL DE MOCAJUBA,ENSINO MEDIO,0.0,0.0,0.0,0.0,0.5,,,,0.5
Eldorado do Carajás,Carajás,15177726,ESCOLA ESTADUAL RURAL DE ELDORADO DO CARAJAS,ENSINO MEDIO,0.0,0.0,0.0,0.0,0.5,,,,0.5
Santarém,Baixo Amazonas,15177734,ESCOLA ESTADUAL RURAL DE SANTAREM,ENSINO MEDIO,0.0,0.0,0.0,0.0,0.5,,,,0.5
Trairão,Tapajós,15177750,ESCOLA ESTADUAL RURAL DE TRAIRAO,ENSINO MEDIO,0.0,0.0,0.0,0.0,0.5,,,,0.5
Marabá,Carajás,15177777,ESCOLA ESTADUAL RURAL DE MARABA,ENSINO MEDIO,0.0,0.0,0.0,0.0,0.0,,,,0.0
Alenquer,Baixo Amazonas,15177785,ESCOLA ESTADUAL RURAL DE ALENQUER,ENSINO MEDIO,0.0,2.0,0.2,0.0,0.5,,,,0.7
Monte Alegre,Baixo Amazonas,15177807,ESCOLA ESTADUAL RURAL DE MONTE ALEGRE,ENSINO MEDIO,0.0,3.0,0.3,0.0,0.5,,,,0.8
Nova Ipixuna,Lago Tucuruí,15177823,ESCOLA ESTADUAL RURAL DE NOVA IPIXUNA,ENSINO MEDIO,0.0,0.0,0.0,0.0,0.5,,,,0.5
Anapu,Xingu,15177874,ESCOLA ESTADUAL RURAL DE ANAPU,ENSINO MEDIO,0.0,0.0,0.0,0.0,0.5,,,,0.5
São João do Araguaia,Carajás,15177882,ESCOLA ESTADUAL RURAL DE SAO JOAO DO ARAGUAIA,ENSINO MEDIO,0.0,0.0,0.0,0.0,0.5,,,,0.5
Bragança,Rio Caeté,15177890,ESCOLA ESTADUAL RURAL DE BRAGANCA,ENSINO MEDIO,0.0,0.0,0.0,0.0,0.0,,,,0.0
Brasil Novo,Xingu,15177912,ESCOLA ESTADUAL RURAL DE BRASIL NOVO,ENSINO MEDIO,0.0,0.0,0.0,0.0,0.5,,,,0.5
Cachoeira do Piriá,Rio Caeté,15177920,ESCOLA ESTADUAL RURAL DE CACHOEIRA DO PIRIA,ENSINO MEDIO,0.0,0.0,0.0,0.0,0.5,,,,0.5
Viseu,Rio Caeté,15177939,ESCOLA ESTADUAL RURAL DE VISEU,ENSINO MEDIO,0.0,0.0,0.0,0.0,0.0,,,,0.0
Bannach,Araguaia,15177947,ESCOLA ESTADUAL RURAL DE BANNACH,ENSINO MEDIO,0.0,0.0,0.0,0.0,0.5,,,,0.5
Aurora do Pará,Rio Capim,15177955,ESCOLA ESTADUAL RURAL DE AURORA DO PARA,ENSINO MEDIO,0.0,0.0,0.0,0.0,0.0,,,,0.0
Dom Eliseu,Rio Capim,15177963,ESCOLA ESTADUAL RURAL DE DOM ELISEU,ENSINO MEDIO,0.0,0.0,0.0,0.0,0.5,,,,0.5
Mãe do Rio,Rio Capim,15177971,ESCOLA ESTADUAL RURAL DE MAE DO RIO,ENSINO MEDIO,1.0,8.0,0.8,1.0,0.5,,,,3.3
Paragominas,Rio Capim,15177998,ESCOLA ESTADUAL RURAL DE PARAGOMINAS,ENSINO MEDIO,0.0,0.0,0.0,0.0,0.0,,,,0.0
Ulianópolis,Rio Capim,15178013,ESCOLA ESTADUAL RURAL DE ULIANOPOLIS,ENSINO MEDIO,0.0,0.0,0.0,0.0,0.0,,,,0.0
Conceição do Araguaia,Araguaia,15178021,ESCOLA ESTADUAL RURAL DE CONCEICAO DO ARAGUAIA,ENSINO MEDIO,0.0,0.0,0.0,0.0,0.0,,,,0.0
Uruará,Xingu,15178030,ESCOLA ESTADUAL RURAL DE URUARA,ENSINO MEDIO,0.0,0.0,0.0,0.0,0.5,,,,0.5
Cumaru do Norte,Araguaia,15178048,ESCOLA ESTADUAL RURAL DE CUMARU DO NORTE,ENSINO MEDIO,0.0,0.0,0.0,0.0,0.5,,,,0.5
Ourilândia do Norte,Araguaia,15178056,ESCOLA ESTADUAL RURAL DE OURILANDIA DO NORTE,ENSINO MEDIO,0.0,0.0,0.0,0.0,0.5,,,,0.5
Capitão Poço,Rio Capim,15178064,ESCOLA ESTADUAL RURAL DE CAPITAO POCO,ENSINO MEDIO,0.0,0.0,0.0,0.0,0.0,,,,0.0
Redenção,Araguaia,15178072,ESCOLA ESTADUAL RURAL DE REDENCAO,ENSINO MEDIO,0.0,0.0,0.0,0.0,0.5,,,,0.5
Santa Maria das Barreiras,Araguaia,15178099,ESCOLA ESTADUAL RURAL DE SANTA MARIA DAS BARREIRAS,ENSINO MEDIO,0.0,0.0,0.0,0.0,0.5,,,,0.5
Tucumã,Araguaia,15178110,ESCOLA ESTADUAL RURAL DE TUCUMA,ENSINO MEDIO,0.0,0.0,0.0,0.0,0.5,,,,0.5
Santana do Araguaia,Araguaia,15178129,ESCOLA ESTADUAL RURAL DE SANTANA DO ARAGUAIA,ENSINO MEDIO,1.0,9.0,0.9,1.0,0.5,,,,3.4
Senador José Porfírio,Xingu,15178137,ESCOLA ESTADUAL RURAL DE SENADOR JOSE PORFIRIO,ENSINO MEDIO,0.0,0.0,0.0,0.0,0.5,,,,0.5
Vitória do Xingu,Xingu,15178145,ESCOLA ESTADUAL RURAL DE VITORIA DO XINGU,ENSINO MEDIO,0.0,0.0,0.0,0.0,0.5,,,,0.5
Afuá,Marajó,15178200,ESCOLA ESTADUAL RURAL DE AFUA,ENSINO MEDIO,0.0,0.0,0.0,0.0,0.0,,,,0.0
Anajás,Marajó,15178218,ESCOLA ESTADUAL RURAL DE ANAJAS,ENSINO MEDIO,0.0,0.0,0.0,0.0,0.0,,,,0.0
Breves,Marajó,15178226,ESCOLA ESTADUAL RURAL DE BREVES,ENSINO MEDIO,0.0,0.0,0.0,0.0,0.5,,,,0.5
Chaves,Marajó,15178234,ESCOLA ESTADUAL RURAL DE CHAVES,ENSINO MEDIO,0.0,0.0,0.0,0.0,0.0,,,,0.0
Curralinho,Marajó,15178242,ESCOLA ESTADUAL RURAL DE CURRALINHO,ENSINO MEDIO,0.0,1.0,0.1,0.0,0.0,,,,0.1
Garrafão do Norte,Rio Capim,15178250,ESCOLA ESTADUAL RURAL DE GARRAFAO DO NORTE,ENSINO MEDIO,0.0,0.0,0.0,0.0,0.5,,,,0.5
Floresta do Araguaia,Araguaia,15178269,ESCOLA ESTADUAL RURAL DE FLORESTA DO ARAGUAIA,ENSINO MEDIO,1.0,6.0,0.6,0.0,0.0,,,,1.6
Gurupá,Marajó,15178277,ESCOLA ESTADUAL RURAL DE GURUPA,ENSINO MEDIO,0.0,0.0,0.0,0.0,0.0,,,,0.0
Portel,Marajó,15178285,ESCOLA ESTADUAL RURAL DE PORTEL,ENSINO MEDIO,0.0,0.0,0.0,0.0,0.0,,,,0.0
Melgaço,Marajó,15178293,ESCOLA ESTADUAL RURAL DE MELGACO,ENSINO MEDIO,0.0,0.0,0.0,0.0,0.5,,,,0.5
Marapanim,Guamá,15178307,ESCOLA ESTADUAL RURAL DE MARAPANIM,ENSINO MEDIO,0.0,1.0,0.1,0.0,0.0,,,,0.1
Nova Esperança do Piriá,Rio Capim,15178315,ESCOLA ESTADUAL RURAL DE NOVA ESPERANCA DO PIRIA,ENSINO MEDIO,0.0,0.0,0.0,0.0,0.5,,,,0.5
Curionópolis,Carajás,15178331,ESCOLA ESTADUAL PROFA JOAQUINA DIAMANTINA FERREIRA LEMOS,ENSINO MEDIO,1.0,5.0,0.5,0.0,0.5,,,,2.0
Bagre,Marajó,15178340,ESCOLA ESTADUAL RURAL DE BAGRE,ENSINO MEDIO,0.0,0.0,0.0,0.0,0.0,,,,0.0
Piçarra,Carajás,15178374,ESCOLA ESTADUAL RURAL DE PICARRA,ENSINO MEDIO,0.0,0.0,0.0,0.0,0.0,,,,0.0
Porto de Moz,Xingu,15178889,ESCOLA ESTADUAL RURAL DE PORTO DE MOZ,ENSINO MEDIO,1.0,4.0,1.0,0.0,0.5,,,,2.5
Abaetetuba,Tocantins,15179710,ANEXO EE PROF BENVINDA DE ARAUJO PONTES - AJUAI,ENSINO MEDIO,0.0,0.0,0.0,0.0,0.5,,,,0.5
Belém,Guajará,15180662,ESCOLA ESTADUAL DE ENSINO INTEGRAL BILINGUE MESTRA IDALINA RODRIGUES PEREIRA,ENSINO MEDIO,0.0,4.0,1.0,0.0,0.5,,,,1.5
Viseu,Rio Caeté,15180689,ANEXO EE PADRE LUCIANO CALDERARA - VILA DE CURUPAITI,ENSINO MEDIO,0.0,0.0,0.0,0.0,0.0,,,,0.0
Pacajá,Xingu,15211053,ESCOLA ESTADUAL DOM JOSE ELIAS CHAVES,ENSINO MEDIO,1.0,0.0,0.0,0.0,0.5,,,,1.5
Belém,Guajará,15212203,ESCOLA ESTADUAL RAYMUNDO MARTINS VIANNA,ENSINO MEDIO,0.0,2.0,0.4,0.0,0.5,,,,0.9
Paragominas,Rio Capim,15212602,ESCOLA ESTADUAL PROF RAIMUNDO LAUREANO DA SILVA SOUZA,ENSINO MEDIO,0.0,0.0,0.0,0.0,0.0,,,,0.0
Parauapebas,Carajás,15212807,ESCOLA ESTADUAL JOAO PRUDENCIO DE BRITO,ENSINO MEDIO,0.0,5.0,1.0,0.0,0.0,,,,1.0
São Miguel do Guamá,Guamá,15213404,ESCOLA ESTADUAL IRMA CARLA GIUSSANI,ENSINO MEDIO,0.0,3.0,0.3,0.0,0.5,,,,0.8
Cametá,Tocantins,15213803,ESCOLA ESTADUAL ABRAAO SIMAO JATENE,ENSINO MEDIO,0.0,4.0,1.0,0.0,0.5,,,,1.5
São Geraldo do Araguaia,Carajás,15215008,ESCOLA ESTADUAL NOVO PARAISO,ENSINO MEDIO,0.0,1.0,0.1,0.0,0.5,,,,0.6
Cametá,Tocantins,15218007,ESCOLA ESTADUAL PADRE JOAO BOONEKAMP,ENSINO MEDIO,0.0,3.0,0.6,0.0,0.5,,,,1.1
Belém,Guajará,15517900,ESCOLA ESTADUAL WALDEMAR HENRIQUE,ENSINO MEDIO,0.0,0.0,0.0,0.0,0.0,,,,0.0
Ananindeua,Guajará,15520560,ESCOLA ESTADUAL PITAGORAS,ENSINO MEDIO,0.0,1.0,0.2,0.0,0.5,,,,0.7
Ananindeua,Guajará,15521117,ESCOLA ESTADUAL CONSUELO COELHO E SOUZA,ENSINO MEDIO,0.0,4.0,1.0,0.0,0.5,,,,1.5
Ananindeua,Guajará,15523420,ESCOLA ESTADUAL ARMANDO FAJARDO,ENSINO MEDIO,0.0,1.0,0.1,0.0,0.0,,,,0.1
Belém,Guajará,15523845,ESCOLA ESTADUAL DAVID SALOMAO MUFARREJ,ENSINO MEDIO,0.0,0.0,0.0,0.0,0.5,,,,0.5
Itaituba,Tapajós,15525791,ESCOLA ESTADUAL BENEDITO CORREA DE SOUZA,ENSINO MEDIO,0.0,0.0,0.0,0.0,0.5,,,,0.5
Parauapebas,Carajás,15526240,ESCOLA ESTADUAL IRMA DULCE,ENSINO MEDIO,1.0,4.0,0.8,0.0,0.5,,,,2.3
Bragança,Rio Caeté,15527409,ESCOLA ESTADUAL RIO CAETE,ENSINO MEDIO,0.0,3.0,0.3,0.0,0.0,,,,0.3
Santarém,Baixo Amazonas,15528855,ESCOLA ESTADUAL JADER FONTENELLE BARBALHO,ENSINO MEDIO,0.0,3.0,0.3,0.0,0.5,,,,0.8
Limoeiro do Ajuru,Tocantins,15529606,ESCOLA ESTADUAL PROF JOAO LUDOVICO,ENSINO MEDIO,0.0,4.0,0.8,0.0,0.5,,,,1.3
Castanhal,Guamá,15531600,ESCOLA ESTADUAL PROF PAULO CESAR COUTINHO RODRIGUES,ENSINO MEDIO,0.0,1.0,0.2,0.0,0.0,,,,0.2
Capanema,Rio Caeté,15533255,ESCOLA ESTADUAL MESTRE LUCINDO,ENSINO MEDIO,0.0,0.0,0.0,0.0,0.5,,,,0.5
Belém,Guajará,15535347,ESCOLA ESTADUAL PROFA RUTH DOS SANTOS ALMEIDA,ENSINO MEDIO,1.0,4.0,1.0,0.0,0.5,,,,2.5
Itaituba,Tapajós,15535762,ESCOLA ESTADUAL CENTRO MARANATA,ENSINO MEDIO,1.0,5.0,1.0,0.0,0.5,,,,2.5
Breu Branco,Lago Tucuruí,15539288,ANEXO EE JOSE LOURENCO - PLACAS DO PITINGA,ENSINO MEDIO,0.0,0.0,0.0,0.0,0.5,,,,0.5
Irituia,Rio Capim,15542297,ESCOLA ESTADUAL ITABOCAL,ENSINO MEDIO,0.0,1.0,0.1,0.0,0.5,,,,0.6
Santarém,Baixo Amazonas,15542475,ESCOLA ESTADUAL DOM TIAGO RYAN,ENSINO MEDIO,0.0,0.0,0.0,0.0,0.5,,,,0.5
Marabá,Carajás,15547191,ESCOLA ESTADUAL RIO TOCANTINS,ENSINO MEDIO,0.0,1.0,0.2,0.0,0.5,,,,0.7
Itaituba,Tapajós,15550044,ESCOLA ESTADUAL ISAAC NEWTON,ENSINO MEDIO,0.0,0.0,0.0,0.0,0.5,,,,0.5
Augusto Corrêa,Rio Caeté,15550079,ESCOLA ESTADUAL BENEDITO CARDOSO DE ATHAYDE,ENSINO MEDIO,0.0,1.0,0.1,0.0,0.5,,,,0.6
São João do Araguaia,Carajás,15550087,ESCOLA ESTADUAL DR ABEL FIGUEREDO,ENSINO MEDIO,1.0,5.0,1.0,0.0,0.5,,,,2.5
Tucuruí,Lago Tucuruí,15551415,ESCOLA ESTADUAL ANA PONTES FRANCEZ,ENSINO MEDIO,0.0,0.0,0.0,0.0,0.5,,,,0.5
Tucuruí,Lago Tucuruí,15551423,ESCOLA ESTADUAL RUI BARBOSA,ENSINO MEDIO,0.0,4.0,1.0,1.0,0.5,,,,2.5
Santarém,Baixo Amazonas,15551890,ESCOLA ESTADUAL RIO TAPAJOS,ENSINO MEDIO,0.0,0.0,0.0,0.0,0.5,,,,0.5
Belém,Guajará,15552586,ESCOLA ESTADUAL PROF ANTONIO GOMES MOREIRA JUNIOR,ENSINO MEDIO,0.0,9.0,0.9,0.0,0.5,,,,1.4
Parauapebas,Carajás,15553558,ESCOLA ESTADUAL GONCALVES DIAS,ENSINO MEDIO,0.0,1.0,0.1,0.0,0.0,,,,0.1
Parauapebas,Carajás,15553566,ESCOLA ESTADUAL CARLOS HENRIQUE,ENSINO MEDIO,0.0,0.0,0.0,0.0,0.5,,,,0.5
Oeiras do Pará,Tocantins,15553655,ESCOLA ESTADUAL RAIMUNDO RIBEIRO DA COSTA,ENSINO MEDIO,0.0,0.0,0.0,0.0,0.0,,,,0.0
Abaetetuba,Tocantins,15555186,ESCOLA ESTADUAL PROF BENVINDA DE ARAUJO PONTES,ENSINO MEDIO,0.0,5.0,1.0,0.0,0.5,,,,1.5
Breves,Marajó,15555933,ESCOLA ESTADUAL PROFA MARIA CAMARA PAES,ENSINO MEDIO,0.0,0.0,0.0,0.0,0.0,,,,0.0
Muaná,Marajó,15558118,ESCOLA ESTADUAL DR SERGIO MOTA,ENSINO MEDIO,1.0,5.0,1.0,0.0,0.5,,,,2.5
Breu Branco,Lago Tucuruí,15558690,ESCOLA ESTADUAL JOSE LOURENCO,ENSINO MEDIO,0.0,1.0,0.1,0.0,0.5,,,,0.6
Marabá,Carajás,15559726,ESCOLA ESTADUAL IRMA THEODORA,ENSINO MEDIO,0.0,2.0,0.2,0.0,0.5,,,,0.7
Irituia,Rio Capim,15560260,ESCOLA ESTADUAL DE TESSALONICA,ENSINO MEDIO,0.0,3.0,0.3,0.0,0.5,,,,0.8
Castanhal,Guamá,15561429,ESCOLA ESTADUAL MARIA DAS MERCES DE OLIVEIRA CONOR,ENSINO MEDIO,0.0,0.0,0.0,0.0,0.0,,,,0.0
Santa Izabel do Pará,Guamá,15561836,ESCOLA ESTADUAL PROFA MARIETA EMMI,ENSINO MEDIO,0.0,0.0,0.0,0.0,0.0,,,,0.0
Belém,Guajará,15562220,ESCOLA ESTADUAL PROFA ALBANIZIA DE OLIVEIRA LIMA,ENSINO MEDIO,1.0,4.0,1.0,0.0,0.5,,,,2.5
Ananindeua,Guajará,15564363,ESCOLA ESTADUAL PROF FRANCISCO PAULO DO NASCIMENTO MENDES,ENSINO MEDIO,0.0,0.0,0.0,0.0,0.5,,,,0.5
Belém,Guajará,15564371,ESCOLA ESTADUAL PROF NAGIB COELHO MATNI,ENSINO MEDIO,1.0,4.0,1.0,0.0,0.5,,,,2.5
Curuá,Baixo Amazonas,15566838,ESCOLA ESTADUAL SORAYA MARQUES CHAYB,ENSINO MEDIO,0.0,0.0,0.0,0.0,0.0,,,,0.0
Belém,Guajará,15567788,ESCOLA ESTADUAL PROF JORGE LOPES RAPOSO,ENSINO MEDIO,0.0,0.0,0.0,0.0,0.5,,,,0.5
Igarapé-Miri,Tocantins,15568857,ESCOLA ESTADUAL PROFA DALILA AFONSO CUNHA,ENSINO MEDIO,0.0,3.0,0.3,0.0,0.0,,,,0.3
Moju,Tocantins,15568873,ESCOLA ESTADUAL PROFA ERNESTINA PEREIRA MAIA,ENSINO MEDIO,0.0,1.0,0.1,0.0,0.0,,,,0.1
Acará,Tocantins,15569748,ESCOLA ESTADUAL FELIPE PATRONI,ENSINO MEDIO,0.0,1.0,0.2,0.0,0.5,,,,0.7
Igarapé-Miri,Tocantins,15570193,ESCOLA ESTADUAL ENEDINA SAMPAIO MELO,ENSINO MEDIO,0.0,3.0,0.6,0.0,0.5,,,,1.1
Ulianópolis,Rio Capim,15571831,ESCOLA ESTADUAL PROFA IZABEL AMAZONAS,ENSINO MEDIO,0.0,3.0,0.6,0.0,0.0,,,,0.6
Monte Alegre,Baixo Amazonas,15572099,ESCOLA ESTADUAL C PRESIDENTE FERNANDO HENRIQUE,ENSINO MEDIO,0.0,3.0,0.6,0.0,0.5,,,,1.1
Igarapé-Miri,Tocantins,15572226,ESCOLA ESTADUAL MANOEL ANTONIO DE CASTRO,ENSINO MEDIO,1.0,4.0,1.0,0.0,0.5,,,,2.5
Ananindeua,Guajará,15574199,ESCOLA ESTADUAL RAIMUNDO VERA CRUZ,ENSINO MEDIO,0.0,0.0,0.0,0.0,0.5,,,,0.5
Portel,Marajó,15574865,ESCOLA ESTADUAL DEPUTADO NICIAS RIBEIRO,ENSINO MEDIO,0.0,3.0,0.6,0.0,0.5,,,,1.1
Anapu,Xingu,15575497,ESCOLA ESTADUAL MARIA JOSE SANTANA DA SILVA,ENSINO MEDIO,0.0,3.0,0.6,0.0,0.5,,,,1.1
Breu Branco,Lago Tucuruí,15575519,ESCOLA ESTADUAL SEVERO ALVES,ENSINO MEDIO,0.0,4.0,0.8,0.0,0.5,,,,1.3
Barcarena,Tocantins,15576370,ESCOLA ESTADUAL PALMIRA GABRIEL,ENSINO MEDIO,0.0,0.0,0.0,0.0,0.0,,,,0.0
Abaetetuba,Tocantins,15576396,ESCOLA ESTADUAL IRMA STELLA MARIA,ENSINO MEDIO,0.0,0.0,0.0,0.0,0.5,,,,0.5
Oriximiná,Baixo Amazonas,15577058,ESCOLA ESTADUAL DR ALMIR GABRIEL,ENSINO MEDIO,0.0,0.0,0.0,0.0,0.0,,,,0.0
Marabá,Carajás,15577406,ESCOLA ESTADUAL DR GERALDO MENDES DE CASTRO VELOSO,ENSINO MEDIO,0.0,0.0,0.0,0.0,0.5,,,,0.5
Marituba,Guajará,15577660,ESCOLA ESTADUAL EDUARDO LAUANDE,ENSINO MEDIO,0.0,2.0,0.4,0.0,0.5,,,,0.9
Belém,Guajará,15577791,ESCOLA ESTADUAL MAGALHAES BARATA,ENSINO MEDIO,0.0,0.0,0.0,0.0,0.0,,,,0.0
Juruti,Baixo Amazonas,15578003,ESCOLA ESTADUAL VEREADOR RAIMUNDO DE SOUZA COELHO,ENSINO MEDIO,0.0,0.0,0.0,0.0,0.5,,,,0.5
Santo Antônio do Tauá,Guamá,15578011,ESCOLA ESTADUAL CELSO RODRIGUES,ENSINO MEDIO,0.0,5.0,1.0,0.0,0.5,,,,1.5
Ananindeua,Guajará,15578020,ESCOLA ESTADUAL IZABEL AMAZONAS,ENSINO MEDIO,0.0,0.0,0.0,0.0,0.5,,,,0.5
Castanhal,Guamá,15578968,ESCOLA ESTADUAL DR INACIO KOURY GABRIEL NETO,ENSINO MEDIO,0.0,2.0,0.4,0.0,0.5,,,,0.9
Nova Ipixuna,Lago Tucuruí,15579581,ESCOLA ESTADUAL MARIA IRANY RODRIGUES DA SILVA,ENSINO MEDIO,0.0,4.0,0.8,0.0,0.5,,,,1.3
Itupiranga,Lago Tucuruí,15579697,ESCOLA ESTADUAL LIBERALINA CARVALHO DE ARAGAO,ENSINO MEDIO,0.0,4.0,0.4,0.0,0.5,,,,0.9
Itaituba,Tapajós,15581039,ESCOLA ESTADUAL CENTRO EDUCACIONAL ANCHIETA,ENSINO MEDIO,0.0,0.0,0.0,0.0,0.5,,,,0.5
Ananindeua,Guajará,15581853,ESCOLA ESTADUAL PROFA MARIA HELENA VALENTE TAVARES,ENSINO MEDIO,0.0,2.0,0.4,0.0,0.5,,,,0.9
Anapu,Xingu,15582728,ESCOLA ESTADUAL SANTA CLARA,ENSINO MEDIO,0.0,0.0,0.0,0.0,0.5,,,,0.5
Paragominas,Rio Capim,15582930,ESCOLA ESTADUAL GUILHERME GABRIEL,ENSINO MEDIO,0.0,1.0,0.2,0.0,0.5,,,,0.7
Altamira,Xingu,15583058,ESCOLA ESTADUAL PROFA DUCILLA ALMEIDA DO NASCIMENTO,ENSINO MEDIO,0.0,2.0,0.4,0.0,0.5,,,,0.9
Breves,Marajó,15583430,ESCOLA ESTADUAL PROF GERSON PERES,ENSINO MEDIO,0.0,0.0,0.0,0.0,0.5,,,,0.5
Salvaterra,Marajó,15583910,ESCOLA ESTADUAL SALOMAO MATOS,ENSINO MEDIO,0.0,0.0,0.0,0.0,0.5,,,,0.5
Eldorado do Carajás,Carajás,15584020,ESCOLA ESTADUAL FRANCILANDIA,ENSINO MEDIO,0.0,0.0,0.0,0.0,0.5,,,,0.5
Parauapebas,Carajás,15584046,ESCOLA ESTADUAL PROFA MARLUCE MASSARIOL DE SOUZA,ENSINO MEDIO,0.0,0.0,0.0,0.0,0.0,,,,0.0
Inhangapi,Guamá,15584640,ESCOLA ESTADUAL AGOSTINHO MORAES DE OLIVEIRA,ENSINO MEDIO,0.0,0.0,0.0,0.0,0.0,,,,0.0
Santarém,Baixo Amazonas,15585026,ESCOLA ESTADUAL MAESTRO WILSON DIAS DA FONSECA,ENSINO MEDIO,0.0,0.0,0.0,0.0,0.5,,,,0.5
Acará,Tocantins,15585042,ESCOLA ESTADUAL PROFA DEUSALINA DA CUNHA E SOUZA CARNEIRO,ENSINO MEDIO,0.0,2.0,0.2,0.0,0.5,,,,0.7
Marapanim,Guamá,15585891,ESCOLA ESTADUAL NELSON REBELO,ENSINO MEDIO,0.0,6.0,0.6,0.0,0.0,,,,0.6
Belém,Guajará,15586227,ESCOLA ESTADUAL DR JOSE MARCIO AYRES,ENSINO MEDIO,0.0,10.0,1.0,0.0,0.5,,,,1.5
Benevides,Guajará,15586316,ESCOLA ESTADUAL PROF RUTH GUIMARAES FERREIRA,ENSINO MEDIO,0.0,1.0,0.2,0.0,0.5,,,,0.7
Redenção,Araguaia,15586421,ESCOLA ESTADUAL MARIA BENTA OLIVEIRA DE SOUSA,ENSINO MEDIO,0.0,4.0,0.8,0.0,0.5,,,,1.3
Alenquer,Baixo Amazonas,15587282,ESCOLA ESTADUAL PROFA BEATRIZ DO VALE,ENSINO MEDIO,0.0,2.0,0.2,0.0,0.5,,,,0.7
Moju,Tocantins,15587711,ESCOLA ESTADUAL ANTONIO DE OLIVEIRA GORDO,ENSINO MEDIO,0.0,0.0,0.0,0.0,0.0,,,,0.0
Castanhal,Guamá,15588378,ESCOLA ESTADUAL JOSE SALLES,ENSINO MEDIO,0.0,0.0,0.0,0.0,0.5,,,,0.5
Curionópolis,Carajás,15588599,ESCOLA ESTADUAL GOVERNADOR ALMIR GABRIEL,ENSINO MEDIO,0.0,3.0,0.6,0.0,0.5,,,,1.1
Tucuruí,Lago Tucuruí,15588610,ESCOLA ESTADUAL SIMAO JACINTO DOS REIS,ENSINO MEDIO,0.0,0.0,0.0,0.0,0.5,,,,0.5
Ponta de Pedras,Marajó,15588831,ESCOLA ESTADUAL DALCIDIO JURANDIR,ENSINO MEDIO,0.0,0.0,0.0,0.0,0.5,,,,0.5
Ananindeua,Guajará,15590917,ESCOLA ESTADUAL PROF MANOEL SATURNINO DE ANDRADE FAVACHO,ENSINO MEDIO,0.0,10.0,1.0,0.0,0.5,,,,1.5
